baseline_path	current_path	relationship	baseline_git_blob	audited_sha256
.cursor/rules/docker-workflow.mdc	.cursor/rules/docker-workflow.mdc	unchanged	422832ab868c70104a4c125c4710ba3edb7e694a	4ee4af519c0610d1fbd67bf22b9538f3fd0bf85b4225670d0330ea7f58a5c043
.docker/Caddyfile	.docker/Caddyfile	modified-or-mixed	62ef2b177d11f503d1ead891c4741eb1b9a7bf62	5c39b8588fbcf80c10f22d4f2566a2e3252b9800b0a80c37211a2156fd9f36ef
.docker/Dockerfile	.docker/Dockerfile	modified-or-mixed	ac0445baaad55bfbeeab2538fd768a1d8d13d737	fb6ad8b1f6a2ccfb73637fc95a78362a6ca698fbc8b234b635a06c0e3e640804
.docker/docker-compose.dev.yml	.docker/docker-compose.dev.yml	modified-or-mixed	01edb5bd7c4729c968dac6011d104a6709470248	bb082ba073a3399175ae7cee442373911fc1237f534c2fcbe8b8f2cf4e54a312
.docker/docker-compose.yml	.docker/docker-compose.yml	modified-or-mixed	6d6354205da0e8c44bfc9380a6c3b7cf36e266c7	2a70fdfeec696b338c58d30b10a8c835950d236447198d1f5c47cc8cf22782f2
.docker/inspector-entrypoint.sh	.docker/inspector-entrypoint.sh	unchanged	a5782e5e704f022fb15124d8d6d860987f1b832f	de0b422d3d4e2370001e18ac46f767ed1c7c9a33d7e8e168a8b66adb2b0c9837
.docker/inspector-servers.json	.docker/inspector-servers.json	unchanged	00539e72d313361cb62692cbc4c316d78af01e41	9df6e7eaca5cfb4828a4b9839150bafc0f0e3472fdfd04dcc40329aca04f96eb
.docker/php-fpm.d/docker.conf	.docker/php-fpm.d/docker.conf	unchanged	fe3f19451cec8ee7d7d2702fc5cbf48d3168136c	4f3a9cd1082f221e71cba41cb80919f8e16ad0ca1a675bcd6af56bc88becd700
.docker/php/opcache.ini	.docker/php/opcache.ini	unchanged	1538245decbe789618e9863deb3a00edda6c6c5c	0ee3e41660924cff62601ab4e181be89569d653263699d2f2c7b1de653e2a583
.docker/php/zz-development.ini	.docker/php/zz-development.ini	unchanged	f39232e2c04b765b748f06a636345f0afb7c664b	d00b543873e13b65885f696bd65e648bde46fa96329082d4b64ebba9df8e3045
.docker/php/zz-overwrites.ini	.docker/php/zz-overwrites.ini	unchanged	a3141146fdf2eddee575248e64b8d6faaa290c90	b75dcae0320b60bc461600057266c13fb3b2a87d8c0f8e05fa0b342cce45e897
.dockerignore	.dockerignore	modified-or-mixed	8dfa9bf6a0f3679d702531e549f906f1719e088b	24a1995425ecfd998bbf3f2f0132231be5a76d1e0cffa6a44e519b93913fb876
.editorconfig	.editorconfig	unchanged	b66f2e9b74739b23d850ede1beee88a98cda6892	211076d60db41784fd76eeaeb24bbb27d95449699c78912bf48d50b934e759cb
.env.example	.env.example	modified-or-mixed	95c6e7ff5d7c46f6625f436c96446f92134a5e13	bbe841e28f6e10d344c97f48bf1c56c1d93f2ceed664f7d3742a1cad30b611ab
.github/ISSUE_TEMPLATE/bug_report.yml	.github/ISSUE_TEMPLATE/bug_report.yml	modified-or-mixed	7c34cca0bd3cf88e92c6778b037dfd295bbfcf65	3b51b1394ef37aa0318b8be2d7cdd0e3d1789770f550d257a30d4efb615b95fd
.github/ISSUE_TEMPLATE/config.yml	.github/ISSUE_TEMPLATE/config.yml	modified-or-mixed	8175bfff047a9cb5e81043ecac5b7d9bb5ee9c82	0bc958a2db7a0a3155857db6982560a436e067e1a47ce178003990695e122a37
.github/ISSUE_TEMPLATE/feature_request.yml	.github/ISSUE_TEMPLATE/feature_request.yml	unchanged	89eb294024f20cbeaed999044db112cf04642ebb	60a664cd6b6c31f377454cda8bfde8f1aa018b7f395120aaa18aee59173b94d2
.github/copilot-instructions.md	.github/copilot-instructions.md	unchanged	ffecc9d79089e73c5faffa172b2c4c09a43f1d39	6c8151e5f5371d004892d5b6321be0e728155e389cc8e9ba30fd3725271d5603
.github/workflows/pr-validation.yml	.github/workflows/pr-validation.yml	modified-or-mixed	5b11f6996dbcd7a676a9caf1340a4b1447f970d6	044fac5803e18be1b5ec45b6c384df7d921753ea7d1db848d6c859547741ab00
.github/workflows/release.yml	.github/workflows/release.yml	modified-or-mixed	54293e7216c5efc05b651e5da0945563478c1d61	4b3f444dd6c5820a689d3e3d728392af3de944f3671e1a45767ed65520f40827
.gitignore	.gitignore	modified-or-mixed	d5ba23e3e23b348b81347f958bbeefc9b1ed89f5	0acf75fca02664a926be889a24de40f7ac84c0ad750edf4594a262e0b2bbf69c
AGENTS.md	AGENTS.md	modified-or-mixed	47bc44e50fe6549531e329a0c79feeb16ff54f2a	5136e7032a0f5f92b129519d6f18e2293f10d123a5a9e62a990b429a4db56c94
CHANGELOG.md	CHANGELOG.md	modified-or-mixed	e1619cadca53daf829f0718fc8bcf71430495dcf	18ccd96e67a875a75de0a3cb00d75444ad9190036806e61d94bc44144d17b0d5
CONTRIBUTING.md	CONTRIBUTING.md	modified-or-mixed	dd3e27f35af5b2b861c898107f93e5aeb2e3eda6	c586330cc019b0f92dd718d36c7fc68ccae705934f9c64d4696ff91b60a190b7
LICENSE	THIRD_PARTY_NOTICES.md	notice-moved-verbatim	5075721848c89872c6c2b2e9e908f51dbc430550	4b0d2a1d19b17fe92b1e68a85a6e538f0207bc9047af5301738f1040c3049607
Makefile	Makefile	modified-or-mixed	3c83c8324438e403550644e3cdfa5f9fc282ff2a	5cd102341cc30ed8ce82a27ff2ae5435f449e3f6ad6d551831c8360986711904
README.md	README.md	modified-or-mixed	00c27e6ad2591e03007b972359b7d03c690c6f59	a913aa0923aee0176ceeeea95174513a7ec2cf6c4029eb63b83c20dd47ca21da
composer.json	composer.json	modified-or-mixed	dd8dc4eb1f64b9f81b0ee0c63c154a3edff8e8b1	1dd7e5635d741869f37aa6c567a79f041d4f594ccfb3e59d25ea580573b0701c
composer.lock	composer.lock	modified-or-mixed	3635092fcf8178e0340dbc170a042d9a3ec4f630	f8f062c20219d5f8d82b93d2cf8e4f5461171c9c66a32200ae807f363caebe3d
docs/.sdd.yaml	docs/.sdd.yaml	modified-or-mixed	b59fd08bd7b051835feb60b5a1907a5390d523b0	9263eb2a9dcf34d22275dbfe7c910778b766fd2a2bb03e027ac19ec12fb3bdbf
docs/README.md	docs/README.md	modified-or-mixed	9a353fed8c3b5ef15e99c085a3da85d2bed70501	e43d051439d8214cfd8e6e7708c743c9a3e427e6ef2340c95d780f1422d18ee8
docs/architecture.md	docs/architecture.md	modified-or-mixed	3133941220104a0baff3fed731f0edbd262b179e	8e22ab5173942039f055e314641969bd76f815ec12ea75863f531510e79aed5b
docs/conventions.md	docs/conventions.md	modified-or-mixed	27d745599be6f5b5ff5f6178a4122c1a74cfb8bb	550001d5b28d2e57ba7a868961577be9e974b11ffb7b1af75e2902400e27336a
docs/decisions/0001-attribute-driven-discovery.md	docs/decisions/0001-attribute-driven-discovery.md	unchanged	04f7729e581c43f258030425f436015c4aa19bbb	285c20c749a731e55bcec76e578db23f568fa2688af0ac80ca10a3f1f558df92
docs/decisions/0002-single-ckmclient-http-boundary.md	docs/decisions/0002-single-ckmclient-http-boundary.md	unchanged	41a79d9297f89c3d99f0ce4d128bd053949b980a	766d29a8576cae89971df7792ddad46fc7e84b30b211eaebf35be13721f069d8
docs/decisions/0003-prompt-policy-split.md	docs/decisions/0003-prompt-policy-split.md	unchanged	5ba8214aac7bc7d1bb7209036270bba8bbf77c0f	8d380cc00946cca36b3ec03101e7f401c2585ccd5b9dd13cb87d5ea7c1d29d23
docs/decisions/0004-docker-only-runtime.md	docs/decisions/0004-docker-only-runtime.md	unchanged	c1724c17cc9a34bbdc7f2c234fe3d237226022c5	d8f8093f1d0b06cdb7c63d34543bf40d4fdc6547c06a34f5c9aaa766f0992c64
docs/decisions/0005-spec-aligned-content-retrieval.md	docs/decisions/0005-spec-aligned-content-retrieval.md	unchanged	a32362f2f52c0399c0fc0797146a959d78ece9ff	e69af116ab699231e106f7db91a947bec038ac256eb220530448c24f35d3f58e
docs/decisions/0006-machine-checked-traceability.md	docs/decisions/0006-machine-checked-traceability.md	unchanged	8689f17f548f50b55b4b5823890e6663b07b4c4e	6b9c52269fc4c9a6625ff745de6d507ca7bcc7ee776d3e303f49a5a4fa92a3ad
docs/decisions/0007-website-in-separate-repository.md	docs/decisions/0007-website-in-separate-repository.md	modified-or-mixed	7898b381bc79899691c4376d87f18bfdf7a9921b	924bd056dfa4583b3d54d1b8d21d0c4168daa6b121e648609befad7c168904c0
docs/decisions/README.md	docs/decisions/README.md	modified-or-mixed	bc3976b0d28f0c5d30b2adc2e661848808cb0e77	d223f773edcd17f906fa65b8c529e2097e3bdbd562725e60aa284ad2e168116d
docs/development.md	docs/development.md	modified-or-mixed	ccb4abba94a1a09f3f999cac2a1a1cf736b6ba92	e3965d900abefc56447932577a4b474fa1f5769a12cda098712c9e9ef10c8ead
docs/install.md	docs/install.md	modified-or-mixed	d22bd72b1c704bbffa4555a59d399846258af0c3	f435936fb92f9f1a0b6601f2db9d989122bebcfe24dee7c54243a7095bbed735
docs/plans/README.md	docs/plans/README.md	unchanged	f63f979a629a720e37d2e835b8854a6137bec6d3	78615a0301ed40be5ecee2d8ff9fb8acb56edc0f1bfce74f1aa0ec8de94ce9cf
docs/plans/archive/.gitkeep	docs/plans/archive/.gitkeep	unchanged	e69de29bb2d1d6434b8b29ae775ad8c2e48c5391	e3b0c44298fc1c149afbf4c8996fb92427ae41e4649b934ca495991b7852b855
docs/plans/archive/2026-07-28-mcp-audit-remediation-design.md	docs/plans/archive/2026-07-28-mcp-audit-remediation-design.md	unchanged	b5e0db95391f436a4f2c5a0162b4d1e763d65be8	55219764c6491b5d9683890f885b3a86567c1284768bc804647e63de06cb3e4b
docs/plans/archive/2026-07-28-mcp-audit-remediation.md	docs/plans/archive/2026-07-28-mcp-audit-remediation.md	unchanged	64dfee920fea64c8d53da213f05041cb0835ab3b	9d5271ddd236423d0b459713247eb5bfce5077ad66da5112d08d0b2fa35f9405
docs/requirements.md	docs/requirements.md	modified-or-mixed	5b755e49622930c823edadae7a57aca3344a982d	3583fc8edf05cf941388aec89fba2f77a92ebb3924ec9a99fe6e2c84a4439f12
docs/testing.md	docs/testing.md	modified-or-mixed	a38a2171fcff47a00f29fb53f057eb7030d8aa0c	9f5b2ead9057c2faadbf0ba5bd89bd0aaba1408b193389d9edbf9e5630bd02ef
docs/traceability.md	docs/traceability.md	modified-or-mixed	d5c2dc84e4ee250d6c633ec0d31027a04c683f30	383526c080d2f9b0e4d33172ab72024fe5db2abd75491173de29d5d92ebf29f1
docs/traceability.yaml	docs/traceability.yaml	modified-or-mixed	a2ddd008d3014fc532e3770fba77b367c7e94840	b48dacd77d85de4372127028d0b6d7dbaf33bc6523a443a10c385456450c1000
public/index.php	public/index.php	modified-or-mixed	41e547d4f715223933b8e44f635a60407f26bbaf	21fd6944a3800471032ef505aeb23711c3e8f0fbf4041a7f5e0414674ee294a9
resources/bmm/AM/ARCHETYPE.bmm.json	resources/bmm/AM/ARCHETYPE.bmm.json	unchanged	df4dc753fc0577b40f2dd277f4cb69f60bbe46bb	e68b07477267e62492b44cc34073b976451e478872fc6fdb8ec5a5714852c82a
resources/bmm/AM/ARCHETYPE_CONSTRAINT.bmm.json	resources/bmm/AM/ARCHETYPE_CONSTRAINT.bmm.json	unchanged	8c476658f85439d24ec30db7b3206b227a28491b	74b0426280a51c995fb3f569801682311204a0fd9457c73f3fa5045e927bb0a3
resources/bmm/AM/ARCHETYPE_INTERNAL_REF.bmm.json	resources/bmm/AM/ARCHETYPE_INTERNAL_REF.bmm.json	unchanged	31bd476a0355e8118a06f1ea88d08fb7c7c1da38	ffee266db0ee2121e722d19fc5dd87f36178343a89a30f1bf673a3945c778b27
resources/bmm/AM/ARCHETYPE_ONTOLOGY.bmm.json	resources/bmm/AM/ARCHETYPE_ONTOLOGY.bmm.json	unchanged	8c795c1af792bbd77092bb25a231bf8847153a7f	6958de5041ae8500ffe62822af36a8994dbb3876b4347b7fad5d59eee03492c2
resources/bmm/AM/ARCHETYPE_SLOT.bmm.json	resources/bmm/AM/ARCHETYPE_SLOT.bmm.json	unchanged	ec22fffde42a297736281694e7e6f90abda17ee0	a744be9638f81201e25c92d8cc93a4cd128c83bb5304d8f659f84dece1fa313d
resources/bmm/AM/ARCHETYPE_TERM.bmm.json	resources/bmm/AM/ARCHETYPE_TERM.bmm.json	unchanged	c03869d2b7bb02ba7255bba5d94a982225e865d9	2a7ed6a3f214fe008159a094c96697106f8729f4047842bea9900190631643f4
resources/bmm/AM/ASSERTION.bmm.json	resources/bmm/AM/ASSERTION.bmm.json	unchanged	d69a47b3ffa273c3c646880e601abb5b22806bb6	cf888e5d3c0058b3e798cec832e3a1f99f26fd10f2756fe27f0813499dd32dbf
resources/bmm/AM/ASSERTION_VARIABLE.bmm.json	resources/bmm/AM/ASSERTION_VARIABLE.bmm.json	unchanged	310e27a06b1dd3d29f9330561c1960fc48a8ef72	90fba546a363ccead1a839c6f3d870635d29b13550797f202ff90169b50ac140
resources/bmm/AM/CARDINALITY.bmm.json	resources/bmm/AM/CARDINALITY.bmm.json	unchanged	d407c08c2f32d6bf5312a02c714f77119b1eddf9	c89ea0273c643591bbbf4ebacc2398af424bb3f77d92c2f1d497e82fefb9d7ff
resources/bmm/AM/CONSTRAINT_REF.bmm.json	resources/bmm/AM/CONSTRAINT_REF.bmm.json	unchanged	971b7ebdf661833b86e5ce4586669a2f19e472fd	8b56cf8543e61df7dafe0c7c10b2bd97ebd8911d1e60d1b07375dd9a7bec4469
resources/bmm/AM/C_ATTRIBUTE.bmm.json	resources/bmm/AM/C_ATTRIBUTE.bmm.json	unchanged	b94cabbc1858c6edac2e5ae9ca81a510c58478e4	3b1fbe6d121f55dc82818df190de5f134a4e2c3b3523f963ae7fc3d60264d2e5
resources/bmm/AM/C_BOOLEAN.bmm.json	resources/bmm/AM/C_BOOLEAN.bmm.json	unchanged	a0333691bb1b8d53a2a14ba5805ce4e8942e52ad	44e4e800b06744bbdaf12f802f77c9666023211f542b9179f0aaa8aabd8f51f8
resources/bmm/AM/C_CODED_TEXT.bmm.json	resources/bmm/AM/C_CODED_TEXT.bmm.json	unchanged	b384cca9da902229a891e282b34a11d78a4e8253	d37164e1a1048f0cef0f59bb0d89404cb09a0c07fbf0f87d129f29dd041f55b9
resources/bmm/AM/C_COMPLEX_OBJECT.bmm.json	resources/bmm/AM/C_COMPLEX_OBJECT.bmm.json	unchanged	d2bb014c69afb1e5d40771bac5ae6721510ac0fc	01fee692f3fbfb54bdfd97b70d0bb31cbc343b74fc1c19fccf7ca803915ef0c1
resources/bmm/AM/C_DATE.bmm.json	resources/bmm/AM/C_DATE.bmm.json	unchanged	87d710b9c4e932a6e9c78fcd2ee920db79fca74d	1ef51ed1d6e0d42b7782c582559cbee1fd38f45065c5961d74ce9490e27dc74a
resources/bmm/AM/C_DATE_TIME.bmm.json	resources/bmm/AM/C_DATE_TIME.bmm.json	unchanged	ea769c433b2a1df02c3a796e5d8e8e8b6f6fd74d	a6143dd022b56315b73f5abd99750f4042fed81c27c746f4169b88dceceb862d
resources/bmm/AM/C_DEFINED_OBJECT.bmm.json	resources/bmm/AM/C_DEFINED_OBJECT.bmm.json	unchanged	bf78998d49fa337dde6eb5fad1aff3fb78096122	8369b993301b8954c3f831b5013ffef91ffe4c0b7608e60f636f871fd2c6f004
resources/bmm/AM/C_DOMAIN_TYPE.bmm.json	resources/bmm/AM/C_DOMAIN_TYPE.bmm.json	unchanged	3e0d8e455df535e103c8abc08a92ed92d4d9d9e9	ea080ed358736f624f89ad5e7f1ed73231c5fff8efb568d448d2acb3cb406b2e
resources/bmm/AM/C_DURATION.bmm.json	resources/bmm/AM/C_DURATION.bmm.json	unchanged	0ae8b36c7c4e97dd281f57f3f462dece26fd8310	af5f243998906a910a6d417b3abd2e028eb7033ef264ba25dc44a06387c417f0
resources/bmm/AM/C_INTEGER.bmm.json	resources/bmm/AM/C_INTEGER.bmm.json	unchanged	4f7dfda33856bb21ab5b13722a0124df1bb32118	5787500de9c2cbfb9bbb1c74334303543c17b93fe385da7b855d52157adda178
resources/bmm/AM/C_MULTIPLE_ATTRIBUTE.bmm.json	resources/bmm/AM/C_MULTIPLE_ATTRIBUTE.bmm.json	unchanged	5316337b1808356a2cf494e9392d35c2952af7d3	032f88d35cc4ab5812da2416541e443da5f7330fad8eecec660bac6aedd5ed34
resources/bmm/AM/C_OBJECT.bmm.json	resources/bmm/AM/C_OBJECT.bmm.json	unchanged	9954b7f260ffeb40fb3534cb7f4ac8163909ed93	37dcd211e0be7b49de048e91e872af9f1b7bbe84eaf700cb56a666b3a13b6b33
resources/bmm/AM/C_ORDINAL.bmm.json	resources/bmm/AM/C_ORDINAL.bmm.json	unchanged	fb7b01a712d9e88ca67726f49a1a99928162898b	48fb594c420e9ebc96d4fa8d8f5a07f8a294f1fc674f46f6cacf7c6b886e8b6e
resources/bmm/AM/C_PRIMITIVE.bmm.json	resources/bmm/AM/C_PRIMITIVE.bmm.json	unchanged	854bf7f3ad37c1a2810c0aab57ec527dd735f625	ca87f3464917d852c269d0af25a97ac939dc3f60059641f2ae9302d8b2dc2eef
resources/bmm/AM/C_PRIMITIVE_OBJECT.bmm.json	resources/bmm/AM/C_PRIMITIVE_OBJECT.bmm.json	unchanged	26bae0b48ccb615deb8e48c14c11d1643dee0b8e	4c009236a90d8cb76e0c88657449dfed34f5287b60bf46c76e10845c96eb8ad5
resources/bmm/AM/C_QUANTITY.bmm.json	resources/bmm/AM/C_QUANTITY.bmm.json	unchanged	a7078528c1b76cc41cafa28fee1689931ec19deb	86db283a71e3b7a4567c86155a90e1c582b955d633229f95b9434ee92663bff5
resources/bmm/AM/C_QUANTITY_ITEM.bmm.json	resources/bmm/AM/C_QUANTITY_ITEM.bmm.json	unchanged	14145a73eeff83eee0b6cd78567d7877cecfd62a	6293cedbec85473ce1308c7bdcd26f334f17d3d67473acf32bef803e366b8927
resources/bmm/AM/C_REAL.bmm.json	resources/bmm/AM/C_REAL.bmm.json	unchanged	24453b5d305ccfc970247197595176124bf922ef	c500d32961c1a704b3f2590bca0bb17b2e9c95f4f4d6bef9e6586ecbca24b69a
resources/bmm/AM/C_REFERENCE_OBJECT.bmm.json	resources/bmm/AM/C_REFERENCE_OBJECT.bmm.json	unchanged	6f7520e26e714e78ebb3126b7cd3a2b496c048d1	a6d7d1ce0cea3219f4b2399b55894aae844f0e86a3bdd4564409ab90d5f3da9b
resources/bmm/AM/C_SINGLE_ATTRIBUTE.bmm.json	resources/bmm/AM/C_SINGLE_ATTRIBUTE.bmm.json	unchanged	2421b328c6ba1945503dec0cc73683470c40a1a5	3f33e1a5c21d5b7b47c692d4e7eab200432dd24bb067612e734499f05b304d03
resources/bmm/AM/C_STRING.bmm.json	resources/bmm/AM/C_STRING.bmm.json	unchanged	d91bc6627480d6f609e8240a58038984425ca556	3a890cf68c14c2aad9cd3f63f9cd256bb2da3571e7e47a8f4801b4953b3fec0c
resources/bmm/AM/C_TIME.bmm.json	resources/bmm/AM/C_TIME.bmm.json	unchanged	1c8b2d62bcc152e3bcc56a09e04bfc75f8daf29f	15f2b10daaf17f92e8dfe6f17d557e5f36c10dbf44fca5843adeb378c10ca1f8
resources/bmm/AM/EXPR_BINARY_OPERATOR.bmm.json	resources/bmm/AM/EXPR_BINARY_OPERATOR.bmm.json	unchanged	eedd7989d0f88be82d4b2b5d4bbc369a406eb625	32fd6621dab97b4b360ac32f6d2c1dbf267dfe2ebd3ecb0cd275bad881b024df
resources/bmm/AM/EXPR_ITEM.bmm.json	resources/bmm/AM/EXPR_ITEM.bmm.json	unchanged	cfda282ece4be2bd69b5ffba2f0483212b3610b4	6a73d4bef7af2d01df551b0891ff858e0970999e77f40311f5779a7934b08e26
resources/bmm/AM/EXPR_LEAF.bmm.json	resources/bmm/AM/EXPR_LEAF.bmm.json	unchanged	c6c687747092a943b9f94709a27bf91613f4ffc7	648377a492d52aaf28b8b38a7738ececc3ad4e338b341b617d0e9019ea566b91
resources/bmm/AM/EXPR_OPERATOR.bmm.json	resources/bmm/AM/EXPR_OPERATOR.bmm.json	unchanged	29dcac815c09c5b90c2f00fbe65be8f161f66298	c52b3cb08807b92bd789be57a8433b0bfdbbf11bb753328e1c4865ea6257fb2d
resources/bmm/AM/EXPR_UNARY_OPERATOR.bmm.json	resources/bmm/AM/EXPR_UNARY_OPERATOR.bmm.json	unchanged	022274e8a592c04f8e2a0e041bbce04f8c3d0786	840fd8983255201059b3fafb7dd37412fe36ec0f89b7fb90c49479e07e8dee1e
resources/bmm/AM/OPERATOR_KIND.bmm.json	resources/bmm/AM/OPERATOR_KIND.bmm.json	unchanged	ca0bf6e51ea25f5072c5130eee564f73b3f1c56b	298cc3a953e5f60e9cd7acd84fd31624782171b7ad1cd9de596b2cfa5a5a2007
resources/bmm/AM/ORDINAL.bmm.json	resources/bmm/AM/ORDINAL.bmm.json	unchanged	2cefc32f97fbdeb9a509f5672ad0f5ee2e65acda	67d98a46bd3d854f9ed3e59699329aa791f42aef4658186bc9153b4997d221bb
resources/bmm/AM2/ADL_CODE_DEFINITIONS.bmm.json	resources/bmm/AM2/ADL_CODE_DEFINITIONS.bmm.json	unchanged	1363d8efb4ed8f78eb9ee471fffda6e61a7986c6	085d9b810e4e483af2085d598ad6834f272561f7b68b502ca39b95a63f85e972
resources/bmm/AM2/AOM_PROFILE.bmm.json	resources/bmm/AM2/AOM_PROFILE.bmm.json	unchanged	dc0861434df72858d03578755f6a3ce3b51b48b6	df7fda3324a389dcd774cb5018acd5e442989a390ace7fb24d33e4d595de340a
resources/bmm/AM2/AOM_PROPERTY_MAPPING.bmm.json	resources/bmm/AM2/AOM_PROPERTY_MAPPING.bmm.json	unchanged	7d1dffe3426baf421a9b8ff2df0347a1842075b1	61ee1d11b45d66ba9e944b8f7ca40f0e43ba9387b210227190ab7c69ead9c068
resources/bmm/AM2/AOM_TYPE_MAPPING.bmm.json	resources/bmm/AM2/AOM_TYPE_MAPPING.bmm.json	unchanged	4b777f0ad34151715308886d6c67ed4a12297fef	2585da3196ba8382cb06507ce77cab5998ba2410829fdf669b857639cbd595b7
resources/bmm/AM2/ARCHETYPE.bmm.json	resources/bmm/AM2/ARCHETYPE.bmm.json	unchanged	e60a3a6799a5f22dfc028bf1c18c851da4108986	d084d8f63b1f4fcf6e05dbfdfb2cdb2855496915312ee2d1b3a5919abe01b0c7
resources/bmm/AM2/ARCHETYPE_CONSTRAINT.bmm.json	resources/bmm/AM2/ARCHETYPE_CONSTRAINT.bmm.json	unchanged	4b9d49d96da23de78b2139e2da296c258024e528	a6509b7474bc7d9351f4977cae159f27751c614b69a3e4c2afa5b3145d6805c9
resources/bmm/AM2/ARCHETYPE_HRID.bmm.json	resources/bmm/AM2/ARCHETYPE_HRID.bmm.json	unchanged	539e13e39c62118172759cec56b9a62817c1f6b9	deb437f4d64ec9e63d2c3ee9b58b84179a6f3e2cd7a0335d6131aa6a54a8c337
resources/bmm/AM2/ARCHETYPE_ID_CONSTRAINT.bmm.json	resources/bmm/AM2/ARCHETYPE_ID_CONSTRAINT.bmm.json	unchanged	de3914e551dd3212850e22cf7c746502f420e951	0a73f6c0fcd265008684c8d2ba914a8de3594567d2e3111a146441279e163604
resources/bmm/AM2/ARCHETYPE_SLOT.bmm.json	resources/bmm/AM2/ARCHETYPE_SLOT.bmm.json	unchanged	f203a3111bed417a4262be2ae18b799d41e4a597	b2b097632cb9bcf9fddfac402cfc924840ab006eb8aeec267f7aea310df23dba
resources/bmm/AM2/ARCHETYPE_TERM.bmm.json	resources/bmm/AM2/ARCHETYPE_TERM.bmm.json	unchanged	deea643574fea8eea8c647d08137b83d98a2f690	2e5c14b6714f1c8d1d44d42e46073df5cf3c42046ca0bf688828542bfdadbc90
resources/bmm/AM2/ARCHETYPE_TERMINOLOGY.bmm.json	resources/bmm/AM2/ARCHETYPE_TERMINOLOGY.bmm.json	unchanged	a40e4f775eb0a2ec54ef9daf7ea3f77b6a1c23b2	8fcc37b43a9199de6880fea9a6dd343a1efa48f78d4df76dcad2db7f22e34bdf
resources/bmm/AM2/AUTHORED_ARCHETYPE.bmm.json	resources/bmm/AM2/AUTHORED_ARCHETYPE.bmm.json	unchanged	9c063fa853d4cd743169c383f3ec2586d956bafa	f7c2187e3988ec0fd9cd73d642c3984376154c1002c2092c241333e352d63cb7
resources/bmm/AM2/CONSTRAINT_STATUS.bmm.json	resources/bmm/AM2/CONSTRAINT_STATUS.bmm.json	unchanged	b712175fdd74395eb65daedad065886d7e31cdd6	273559d655ea74600f47749840aeea3350f68e65b34fca06c7bd1cd35b3dc48a
resources/bmm/AM2/C_ARCHETYPE_ROOT.bmm.json	resources/bmm/AM2/C_ARCHETYPE_ROOT.bmm.json	unchanged	f9216b68661b296d273365a279a2fe3e954cbce1	c6381f8b570baaba4f8a85fcaf3cc9a1e4ac967e3186d6b333a4f9a51694087d
resources/bmm/AM2/C_ATTRIBUTE.bmm.json	resources/bmm/AM2/C_ATTRIBUTE.bmm.json	unchanged	f1d175f7ad67db46a0e7ec6e647ca0071724e8e6	c7e8801808a8be74ecc1b80f58bf7aeb94e521ea29d37c97bd239f62319dc313
resources/bmm/AM2/C_ATTRIBUTE_TUPLE.bmm.json	resources/bmm/AM2/C_ATTRIBUTE_TUPLE.bmm.json	unchanged	d68ae494fb7f6d5fcea14400446ed8bd5e5b05f7	287fb4a7ae6f5fedcdf974dc693d4081638a7f8421e76fb06dde71b4f1aa5886
resources/bmm/AM2/C_BOOLEAN.bmm.json	resources/bmm/AM2/C_BOOLEAN.bmm.json	unchanged	79f80d6965f2abd4308c427de72064ab3357bc3c	cd02763a576ca15e144ad5f6638b6fc19840b7c59613bd758c4f863484ca6c86
resources/bmm/AM2/C_COMPLEX_OBJECT.bmm.json	resources/bmm/AM2/C_COMPLEX_OBJECT.bmm.json	unchanged	b63c98d00b4c1ffc4c14922163b27131a91758b9	0aa839938d597e15c4b2dfbd3d0a15a7a6591908c99462c7d00443435fed4177
resources/bmm/AM2/C_COMPLEX_OBJECT_PROXY.bmm.json	resources/bmm/AM2/C_COMPLEX_OBJECT_PROXY.bmm.json	unchanged	da9273ca4ec2bc796fdf2d429ae2dd44e7113758	24a0fb7abec89f12b75c69aa04ab5d12fd5e600b54d2d08a06899d0138d4fa72
resources/bmm/AM2/C_DATE.bmm.json	resources/bmm/AM2/C_DATE.bmm.json	unchanged	81dee91e55b29fddd672bf885786d02dd2837529	993bb831e6128c8722e5c14b60b418e8e913757b8e7d55c9d961832164da7042
resources/bmm/AM2/C_DATE_TIME.bmm.json	resources/bmm/AM2/C_DATE_TIME.bmm.json	unchanged	02c77be2ba81478ab55a4f7c94d4d072e8e02f9f	b1b5a81a2bf1856c52002c8b5788ce491c05bb91c155f0cf8414053d0b7f6fe5
resources/bmm/AM2/C_DEFINED_OBJECT.bmm.json	resources/bmm/AM2/C_DEFINED_OBJECT.bmm.json	unchanged	a9b8dcf61cde03f4c3ac73c804916055f617357e	f7bb342e4cc400f78916a19c137f7304724e42afafb213c677fc7ea0b9617ba7
resources/bmm/AM2/C_DURATION.bmm.json	resources/bmm/AM2/C_DURATION.bmm.json	unchanged	b6b91281dd9cf8cf8b765170f1a161686674b042	bada2de70d5ad48911488e1b5179aed68c3c79c0ffd9610edf8e4723ce2afa68
resources/bmm/AM2/C_INTEGER.bmm.json	resources/bmm/AM2/C_INTEGER.bmm.json	unchanged	f9cbe43b0789b274f9f27b6ea826386c0e4f420a	3528513777bf2ca22691a13de2069d830cf68eabeee20e2a9ffd4a6a5811a881
resources/bmm/AM2/C_OBJECT.bmm.json	resources/bmm/AM2/C_OBJECT.bmm.json	unchanged	2b2c35ae255b563cbf45e9a40bc35bb862aad711	02b95568f21a334f44ac43c64478cf8bea7137c4c7998c49a20e308de9a0b620
resources/bmm/AM2/C_ORDERED.bmm.json	resources/bmm/AM2/C_ORDERED.bmm.json	unchanged	64782554b10cdaccc73ac2df5d1c182186ec3a58	3beb15a4b34149ff663f4b9835abe7ba147e654d190de2cf68d3ce001872881d
resources/bmm/AM2/C_PRIMITIVE_OBJECT.bmm.json	resources/bmm/AM2/C_PRIMITIVE_OBJECT.bmm.json	unchanged	204aa4c51f6d80c23d1f6f1673bbd742427f0fd8	b6d0003d8b28e3fffcef8b10f47e8fbc05989cbe383ac4fe5ec08eaca0bba35a
resources/bmm/AM2/C_PRIMITIVE_TUPLE.bmm.json	resources/bmm/AM2/C_PRIMITIVE_TUPLE.bmm.json	unchanged	87c93a0685ff5635ba2df6efd8f346631d8ef4d2	e0c7221a00179675e7f043ea8a02b281637a64f693a4f759eac19eed44aad0ae
resources/bmm/AM2/C_REAL.bmm.json	resources/bmm/AM2/C_REAL.bmm.json	unchanged	14d6ff64d4aa20634a1c301d20c46d6d820ae7f6	121c27b9ae2c7f8e16aac6278a9aebe626365830d3e3cb6273952afb4bb4d57d
resources/bmm/AM2/C_SECOND_ORDER.bmm.json	resources/bmm/AM2/C_SECOND_ORDER.bmm.json	unchanged	63bb68b8d34c644981780188745bfda1050c01cb	af8a64d5a0f378b88ad8fae567203c6e2230a0a713b8531da2557566a6cf1245
resources/bmm/AM2/C_STRING.bmm.json	resources/bmm/AM2/C_STRING.bmm.json	unchanged	98a387398d7e0c099b9d7cb76ce8902aed1cff9f	ac6e8baec1696e40d3b753f750cc8e4a33a0a8e38c963d444b707bcdf684083b
resources/bmm/AM2/C_TEMPORAL.bmm.json	resources/bmm/AM2/C_TEMPORAL.bmm.json	unchanged	71f7964cf69af66a2866db9dfe186848168a03c9	8ddb89f17a8282e5364afd5e19b76b2dbfe1f4a42ab8d9c5e98da9a3784f747e
resources/bmm/AM2/C_TEMPORAL_DEFINITIONS.bmm.json	resources/bmm/AM2/C_TEMPORAL_DEFINITIONS.bmm.json	unchanged	06226619a3b48002e3ff6c989ec69d301c249fcd	e4e5356cd08aed5413ad5fcc4ecca94e9e69cf32fd307880d8e2e5f4d1e4fb8f
resources/bmm/AM2/C_TERMINOLOGY_CODE.bmm.json	resources/bmm/AM2/C_TERMINOLOGY_CODE.bmm.json	unchanged	9ed715d6941995b23dbd7309a284a337a07fa4bf	ddb8f03c53630498006b1efb9e16dc70a89ddbd33ddafcdf113d97c58525b20e
resources/bmm/AM2/C_TIME.bmm.json	resources/bmm/AM2/C_TIME.bmm.json	unchanged	d7c4a0b9b82787b3356c4bdd7951e75bd4e1ada8	399ee8d2f8ef99942536c86ab575fba42336036578abccd24dca74d22a4fc0ff
resources/bmm/AM2/EXPR_ARCHETYPE_ID_CONSTRAINT.bmm.json	resources/bmm/AM2/EXPR_ARCHETYPE_ID_CONSTRAINT.bmm.json	unchanged	7df1b48ec8352ce97d22d3583fd28415f43c6623	50f45b3ba2ecab3adf44c551e7e7361fdaf36f30f6608fd7660dea1cf152a10c
resources/bmm/AM2/EXPR_ARCHETYPE_REF.bmm.json	resources/bmm/AM2/EXPR_ARCHETYPE_REF.bmm.json	unchanged	2c65a960be8317bcaa26ab86c6c884185dea64bc	f348b981a2b7b87c66d80d13dd2e969e75198a4140c0f58c84bbef525dc09372
resources/bmm/AM2/EXPR_CONSTRAINT.bmm.json	resources/bmm/AM2/EXPR_CONSTRAINT.bmm.json	unchanged	df2125a5e25b3cb2985944cf301afa16c437a96e	8e8ea4a33fc0bd45604986ffd62d5e66e1314f82c6a139b48228964a89e3c0d9
resources/bmm/AM2/OPERATIONAL_TEMPLATE.bmm.json	resources/bmm/AM2/OPERATIONAL_TEMPLATE.bmm.json	unchanged	f965b48097bbb6d52684fdb92626b081aa841f40	29f47fe793e7fed0de52f368cf67452250b0c4dde3ae62db2d02d40707835d56
resources/bmm/AM2/P_ARCHETYPE.bmm.json	resources/bmm/AM2/P_ARCHETYPE.bmm.json	unchanged	380aef1a8a930e6076e68ca5b3283480242d39c7	cafa352e77affd842e1b888773a6f6b0ccaf849d7fd28cb1938220e4cecd250b
resources/bmm/AM2/P_ARCHETYPE_CONSTRAINT.bmm.json	resources/bmm/AM2/P_ARCHETYPE_CONSTRAINT.bmm.json	unchanged	7794871e2714675c34bd4c191c19504c81783b11	45b4875635a677935605be53ab7b922ff1401fc81f1b0965eb8c505dc76e51bd
resources/bmm/AM2/P_ARCHETYPE_HRID.bmm.json	resources/bmm/AM2/P_ARCHETYPE_HRID.bmm.json	unchanged	e5c0a3bed51d40b6cb8698bcab999c4ac1d554dd	3793c9df0fecf408e30a047f53054a9d0bbd24dc3201748a5f7e22760af093aa
resources/bmm/AM2/P_ARCHETYPE_SLOT.bmm.json	resources/bmm/AM2/P_ARCHETYPE_SLOT.bmm.json	unchanged	79dfc8ae00a19b3817fc77a08e5620af3bb2abca	c450e196a10c6215859011fa136cba82d02caa65febdad1fff3ecbcd0d046951
resources/bmm/AM2/P_ARCHETYPE_TERMINOLOGY.bmm.json	resources/bmm/AM2/P_ARCHETYPE_TERMINOLOGY.bmm.json	unchanged	df8b47ba5afc5cc3e8f53982c9592ceddc968a8b	4564c717cfcaffecc18c566c604d312fa693abdbb57024e4090e1241657b50bb
resources/bmm/AM2/P_AUTHORED_ARCHETYPE.bmm.json	resources/bmm/AM2/P_AUTHORED_ARCHETYPE.bmm.json	unchanged	dc6ee273da9d118c34d18c685bb3381fbd11f71d	3aad10fa1831d0741800a3a442775704b75ea32b44ff966fa05e347c1a441070
resources/bmm/AM2/P_AUTHORED_RESOURCE.bmm.json	resources/bmm/AM2/P_AUTHORED_RESOURCE.bmm.json	unchanged	bb81fd6667d897cec710f4d784d7da62b1dc3ccf	70d3dc339e7f19ef5d2b39197b45c2255e9c06c87cb5829407c23a6ed100d893
resources/bmm/AM2/P_C_ARCHETYPE_ROOT.bmm.json	resources/bmm/AM2/P_C_ARCHETYPE_ROOT.bmm.json	unchanged	3fd6ce60db08dcd110263bea53b6c3ac2b7454cd	069da216ca5c9e82af7241cf306619d7160ef9ccf16aff1e20d74715b7b1c276
resources/bmm/AM2/P_C_ATTRIBUTE.bmm.json	resources/bmm/AM2/P_C_ATTRIBUTE.bmm.json	unchanged	616862e997baf308e9467284a2e7182d5ad76570	2dced26e26f3465da3106e25b5ad0eca83404218bfc20320cd2fc7beede62057
resources/bmm/AM2/P_C_ATTRIBUTE_TUPLE.bmm.json	resources/bmm/AM2/P_C_ATTRIBUTE_TUPLE.bmm.json	unchanged	d16438c033c8eedbbb1b159750ca7f30248db928	51c6268eca1b97ff150d288659b710afe1c1f80118915847ba46252c124a40f1
resources/bmm/AM2/P_C_BOOLEAN.bmm.json	resources/bmm/AM2/P_C_BOOLEAN.bmm.json	unchanged	b949e1ec5a5794d1f1015f04386eafda160ca745	bde726c9b28c0c32bf4140ca09705d49c9b10eea670ba237385aa44ddb54c753
resources/bmm/AM2/P_C_COMPLEX_OBJECT.bmm.json	resources/bmm/AM2/P_C_COMPLEX_OBJECT.bmm.json	unchanged	7e1ecd2bb587867c757dba9d079c7dd008811420	1dd0c0576a3443491314efde2d2bcf25dd1aa6b71d4389d9915c92dc60445c2d
resources/bmm/AM2/P_C_COMPLEX_OBJECT_PROXY.bmm.json	resources/bmm/AM2/P_C_COMPLEX_OBJECT_PROXY.bmm.json	unchanged	df57b207a785c03364254a2ea0fccaa377f9ebcb	f8e07330fb77edbc8363e91c5a0db371180320e394444af3e85abd5bd968d1d6
resources/bmm/AM2/P_C_DATE.bmm.json	resources/bmm/AM2/P_C_DATE.bmm.json	unchanged	de4188da6181a9cf4b1034600d9332a50ca5ae48	22ac156734c7e2f7ceaba283897bc69c14b415b8763548ff17f08291e60538fa
resources/bmm/AM2/P_C_DATE_TIME.bmm.json	resources/bmm/AM2/P_C_DATE_TIME.bmm.json	unchanged	f45ae925d953c31d3a5f9d6f9d945cea81dd51c7	d2aaed510bbcb9d3a845a54f6fa9b16944473c3dc484de31604460b7c70703bc
resources/bmm/AM2/P_C_DEFINED_OBJECT.bmm.json	resources/bmm/AM2/P_C_DEFINED_OBJECT.bmm.json	unchanged	220b2e0e97ccd105fae98c250d06cd4dbbe4462c	543567f204ddf7220639dcc155a61ebf9b2ce4ff523a8328ee66c5e44f27bf01
resources/bmm/AM2/P_C_DURATION.bmm.json	resources/bmm/AM2/P_C_DURATION.bmm.json	unchanged	1965c78d2e4f8586da24af453b44a3211797d55a	f416ddc9e08500ac710ae02a22048822d9f90eab5517c5f100a64a63a3e8a0a3
resources/bmm/AM2/P_C_INTEGER.bmm.json	resources/bmm/AM2/P_C_INTEGER.bmm.json	unchanged	3b6d77cb04557620593e4bf243fd04d1d51f5dbf	4c2a1c961abd2369c67802996c2e00e829b9af327699fb43a14feb34116fcd4e
resources/bmm/AM2/P_C_OBJECT.bmm.json	resources/bmm/AM2/P_C_OBJECT.bmm.json	unchanged	d257c385598ec63931a31de65f28bf04566bb190	f1ddfd7c6a523863bc44b23191f6ad0731173fb903f9435378b177867933f3b0
resources/bmm/AM2/P_C_ORDERED.bmm.json	resources/bmm/AM2/P_C_ORDERED.bmm.json	unchanged	4dae7b428f201f9fe26c8ae663ed92dacedbe3ce	72c8153933625ed9776ed2dc034c4cc7f0179b2e9d3c413d5993f418559748ae
resources/bmm/AM2/P_C_PRIMITIVE_OBJECT.bmm.json	resources/bmm/AM2/P_C_PRIMITIVE_OBJECT.bmm.json	unchanged	07692481537cf628cbb7a7e58503bdc0d6149448	3dca2c0316645ef24d37f774b29ecf9e7f47a63b7806664f72a7e0f719d8a45c
resources/bmm/AM2/P_C_REAL.bmm.json	resources/bmm/AM2/P_C_REAL.bmm.json	unchanged	8ef531877a32444fce6e79158e13f5893b5c5d8e	d8cd77acc09cc5a0c50394456ecc5cda41a511b1edaa3e72e4f60973bd2a1a23
resources/bmm/AM2/P_C_STRING.bmm.json	resources/bmm/AM2/P_C_STRING.bmm.json	unchanged	123329c4e8faf76eba13ea2473ea6ac00a38b758	b829fec9232ab125f5bdeb7b3c749c7b12ffced61d5a69930ba2e7b5d7c74e80
resources/bmm/AM2/P_C_TEMPORAL.bmm.json	resources/bmm/AM2/P_C_TEMPORAL.bmm.json	unchanged	1aede2c32cbfccfe1361b5e6abb8c84bac25381d	25b68c1fc3e6e7224193aa0979ad0cadb07fbc4565c04e7cd5b61ee7aebd55e1
resources/bmm/AM2/P_C_TERMINOLOGY_CODE.bmm.json	resources/bmm/AM2/P_C_TERMINOLOGY_CODE.bmm.json	unchanged	9eb3a48baa9904934bc65ad53c8240be68311fdc	f51fd4b57b1e13c2cf1f88e725db5360c4dbc350f153fee777b178bdf5e03963
resources/bmm/AM2/P_C_TIME.bmm.json	resources/bmm/AM2/P_C_TIME.bmm.json	unchanged	61e99e0f68ddb9fc2bb2d4db7a00b154ac35edec	789151bc11e83d7d3b96315e69daabb6f17b2ca45785cf9a7702994df87e34ec
resources/bmm/AM2/P_OPERATIONAL_TEMPLATE.bmm.json	resources/bmm/AM2/P_OPERATIONAL_TEMPLATE.bmm.json	unchanged	7c91a7cb793985e59798857c97939672b6f4ab12	43121c3f5d5c1f5c812c0e0ee3b42f4572f9233a1ca06c42858c780255c56ac5
resources/bmm/AM2/P_TEMPLATE.bmm.json	resources/bmm/AM2/P_TEMPLATE.bmm.json	unchanged	366db8a57175cfe9d13cefa13bf6ecfa04a43df7	49471a78340d2defb441f545392349d684d0677f0a28ecfd876eeaf865cfc112
resources/bmm/AM2/RM_ATTRIBUTE_VISIBILITY.bmm.json	resources/bmm/AM2/RM_ATTRIBUTE_VISIBILITY.bmm.json	unchanged	dc5d17703f17054735bcd99d1843421a840db19d	04ccfbb11d96d153a01583ae169ffd75f54e40ef640c3ec202c510cbe0e83ace
resources/bmm/AM2/RM_OVERLAY.bmm.json	resources/bmm/AM2/RM_OVERLAY.bmm.json	unchanged	80a03ab97ee7542ac618083bc8e66d98b25fec3c	c556c6797be660050fa33af48a787d84a252c12e2e530f5006f829b0484b709e
resources/bmm/AM2/SIBLING_ORDER.bmm.json	resources/bmm/AM2/SIBLING_ORDER.bmm.json	unchanged	90c2759572d3dd0904e6bf6c2dc9faf5eba55986	302b9e355361beaf841a19e5807c57dd626bcc894cecf57489d237221e26c318
resources/bmm/AM2/TEMPLATE.bmm.json	resources/bmm/AM2/TEMPLATE.bmm.json	unchanged	af78f12f3869e02e6b2a78fb371de58744cc7c5a	92ef258101402e51f55b7afaad9678e13e71449e72cfee0513c2695125806c77
resources/bmm/AM2/TEMPLATE_OVERLAY.bmm.json	resources/bmm/AM2/TEMPLATE_OVERLAY.bmm.json	unchanged	bd2ddcb6e65624e5633449a986e23cf6bdd269bb	103a3c111982388924c5a9bdf913c63fe6e58672f3d8bd214b6ab981191ba468
resources/bmm/AM2/TERMINOLOGY_RELATION.bmm.json	resources/bmm/AM2/TERMINOLOGY_RELATION.bmm.json	unchanged	cfb92f578ebb451e53a2bc9740f28eac00a3350b	485f2a5515ffa8ea52ff58d1366e45edaae17b7202ee874eabb9f1b000fe8e28
resources/bmm/AM2/VALUE_SET.bmm.json	resources/bmm/AM2/VALUE_SET.bmm.json	unchanged	45dace545d2abd355e5f6e18ec8fee601541b289	eef26ba068e8396623d48930216cf7b459ca217ab53a35b041710596e917b5ad
resources/bmm/AM2/VISIBILITY_TYPE.bmm.json	resources/bmm/AM2/VISIBILITY_TYPE.bmm.json	unchanged	2758c3777fc06efa194fec518de961c729600fcf	d96df5a2c474d682d08410b3f83d8827b6d1dde64a3f397f4b92f191667cb474
resources/bmm/BASE/ACCESS_GROUP_REF.bmm.json	resources/bmm/BASE/ACCESS_GROUP_REF.bmm.json	unchanged	ae99ee1c6497797979572dd85bf91b58f67d3d62	2a05e404a79264be1342acd601e06b657199ecbfa8114e114805e50048149d9a
resources/bmm/BASE/ANY.bmm.json	resources/bmm/BASE/ANY.bmm.json	unchanged	7a853064aa36577e20eae0202616ac89a909e3fc	35a15b9172edd59915101b71b8f4fe06816b02382ae0f891aa872f5ade1b1b5c
resources/bmm/BASE/ARCHETYPE_ID.bmm.json	resources/bmm/BASE/ARCHETYPE_ID.bmm.json	unchanged	51b0339191452192bbc87970f693bb4ed6cfc277	123d141beed99e995e28de59044c4da6fe332328869603d55495cf14eccad93c
resources/bmm/BASE/ARRAY.bmm.json	resources/bmm/BASE/ARRAY.bmm.json	unchanged	28343f72b5ab56db663b11c8b9ed77c925459cb3	65ad20fb88836806d8cdb025efdeed4e40354c3db77d50db4e76a43d74adce28
resources/bmm/BASE/AUTHORED_RESOURCE.bmm.json	resources/bmm/BASE/AUTHORED_RESOURCE.bmm.json	unchanged	3f9485861a517a561ead0bb402071a1e41ae9b13	6ada1646d6ce631fed3e62cb59b320fca91bcdd5c41fca8d93675128e558c8dc
resources/bmm/BASE/BASIC_DEFINITIONS.bmm.json	resources/bmm/BASE/BASIC_DEFINITIONS.bmm.json	unchanged	f9cd8fc903bf206c44360ba8a6ec9c687a5f47d9	00da309e8aa013f92e47a28b9894cc21b24eac41b68bc50520dac1290487466b
resources/bmm/BASE/BOOLEAN.bmm.json	resources/bmm/BASE/BOOLEAN.bmm.json	unchanged	7b612dd0f3fda5da6787914172a00511c4be0139	0b9fe1e384e65aa4bc5bf990827c8f6738612685ad40fa6c6ec1f14273e53bf9
resources/bmm/BASE/CARDINALITY.bmm.json	resources/bmm/BASE/CARDINALITY.bmm.json	unchanged	61c46ff7ec5cbb7b5069953b56c46801b754176a	04311711f4bf1f22588e9fafe2233984887f6cb6cc982f9b7f8e8a7c2ebf56be
resources/bmm/BASE/CHARACTER.bmm.json	resources/bmm/BASE/CHARACTER.bmm.json	unchanged	8acc85525101afa63f04e5d5398bbe37586dc4dc	6f43a502697e4d2583de326a0c6680acdd30065ecb87f0728da26c2f75747e46
resources/bmm/BASE/CODE_PHRASE.bmm.json	resources/bmm/BASE/CODE_PHRASE.bmm.json	unchanged	4512a4f7fb84774f4540c2ce82510ef8446f019b	ec874b9bcf896ab0adc75784f2a04cdec5c6c95d0cdbd6441c6579ac8ae89b33
resources/bmm/BASE/COMPARABLE.bmm.json	resources/bmm/BASE/COMPARABLE.bmm.json	unchanged	5353772dc3bfe6872a900ff5133afe004f7c34ad	e4f007ff108caec3a379dccfcba5ccdce27368cd87620de5e927dcbb616db563
resources/bmm/BASE/CONTAINER.bmm.json	resources/bmm/BASE/CONTAINER.bmm.json	unchanged	b9c63dbdd2fe2c1b9b42a84726f8720daaadad33	64059f0dee43938a13b6138dce09547d5e3d212cc21e7b7ca776eb59f1f14c35
resources/bmm/BASE/DOUBLE.bmm.json	resources/bmm/BASE/DOUBLE.bmm.json	unchanged	91d1651cc754a9c0c9d16f491de0e94dac7d21b9	eefa3944ef87a84e13bb74f054f19bc413e6d9ab4430f9efe87a9a4beeaeb273
resources/bmm/BASE/ENV.bmm.json	resources/bmm/BASE/ENV.bmm.json	unchanged	090770ced8d02633be8bd4741012d4104148fe1f	6637a510ed664578838fa0883963ff2ddb985fd541519307d90ea2f16c6c4d24
resources/bmm/BASE/FUNCTION.bmm.json	resources/bmm/BASE/FUNCTION.bmm.json	unchanged	fc6c62752ca1e475a0c047dd3ce2b4f32e10abc6	49f987784a2ba70dc505fd253f23810509602cf1c3d6d425d8979b62b26fd8fb
resources/bmm/BASE/GENERIC_ID.bmm.json	resources/bmm/BASE/GENERIC_ID.bmm.json	unchanged	58ba405fd81d3b109b3c687222d91f5ada8ae58a	448700bdde52f903eadd73c0bad5e1c26a1917e2f4c8f4d73d26122508ddbc4c
resources/bmm/BASE/HASH.bmm.json	resources/bmm/BASE/HASH.bmm.json	unchanged	45d23dba0d56a4d62225f099e86ee04b8bda6543	3e97b99a5f207edfa90ddedd99c961cc70eab7bbc15735cc55430215385d9c7f
resources/bmm/BASE/HIER_OBJECT_ID.bmm.json	resources/bmm/BASE/HIER_OBJECT_ID.bmm.json	unchanged	22f4bff0050e0aa40306f8e86d434da63dc80287	5d3bad8882234cec374ee100e8483371a9e0faf846520f8316dd9f76879951de
resources/bmm/BASE/INTEGER.bmm.json	resources/bmm/BASE/INTEGER.bmm.json	unchanged	f1b17a072c4b46d4d01ac422b15ee7a30e61cf14	a1eb80b194a4995ad752b7f2bdac3f3dcd76c779d9f5d77520bcd33419c2310c
resources/bmm/BASE/INTEGER64.bmm.json	resources/bmm/BASE/INTEGER64.bmm.json	unchanged	371fc24ecc91f4a9ae8214fe409cec502b1e1f52	f5507497121b82cbed7b595ad08afe1823358de0e900e76bc785c8c20746a9a7
resources/bmm/BASE/INTERNET_ID.bmm.json	resources/bmm/BASE/INTERNET_ID.bmm.json	unchanged	74b743f4984f3eef6e8031dddd0e582fa825d17a	effd42126c4ed55699a86511f0d2c116b9cc551bff3e5ecc216baf07e8b47f43
resources/bmm/BASE/INTERVAL.bmm.json	resources/bmm/BASE/INTERVAL.bmm.json	unchanged	1c78dcf048b5141b0deee84c5d375e73a68ee91c	10e1b9fb5d8b9111530089341ed511d973510178bd302c536d6872fec4397ac2
resources/bmm/BASE/ISO8601_DATE.bmm.json	resources/bmm/BASE/ISO8601_DATE.bmm.json	unchanged	dc0453cdd622da83556eb7b7d175c2e74d22dc7a	dfd652c0f67e8df7a1502a4a7b0df26f902b7c442d016ab612ae47f63243c802
resources/bmm/BASE/ISO8601_DATE_TIME.bmm.json	resources/bmm/BASE/ISO8601_DATE_TIME.bmm.json	unchanged	57ca31c53a0d0d1d97556b742eb5693da9edfa1a	35d1d28ff9728703d85444a9883c32df8b312580f9b35ea3dfc4003b884c5468
resources/bmm/BASE/ISO8601_DURATION.bmm.json	resources/bmm/BASE/ISO8601_DURATION.bmm.json	unchanged	d67194220b5a2e38e9b1f5d50047d3ddf4979d44	dc4fdc1151a304acd107d376300aa5311c28fe642d4ae94fa8d67af3d5940bdc
resources/bmm/BASE/ISO8601_TIME.bmm.json	resources/bmm/BASE/ISO8601_TIME.bmm.json	unchanged	ad2a289c99b2d96f25a261d582e4c43e0df6f128	d8c98f98c9954bd139c077c5d37d9027840a0c96f9b1b7d573a49ad65def2e32
resources/bmm/BASE/ISO8601_TIMEZONE.bmm.json	resources/bmm/BASE/ISO8601_TIMEZONE.bmm.json	unchanged	1a3941bee69b8af9c627162f84ef19d5c8d3947a	6b4cb2bc7a6b359a4404e8da31d49afb7753ff6562695a29533cd0fc8a7ac001
resources/bmm/BASE/ISO8601_TYPE.bmm.json	resources/bmm/BASE/ISO8601_TYPE.bmm.json	unchanged	4305de8607e7579e03bb4fffdee01616c0d8ec2e	07eca15ea8ab4a39d74e1bd7843812c8ece19ebcbe031285408ac92f2b9aa01d
resources/bmm/BASE/ISO_OID.bmm.json	resources/bmm/BASE/ISO_OID.bmm.json	unchanged	f5a3b2f17604ac397d9f920a02846c1d8768441a	656d77cfe4d6ab4c2369bcda57006f75c7f2cd12028660dbafcf13796662664d
resources/bmm/BASE/LIST.bmm.json	resources/bmm/BASE/LIST.bmm.json	unchanged	3fd237a2ab2bf9b5ce3b91a70cc6fef5879a107f	4b5e8d4db0ad53bad6edbc6b16638eef1e76c74f4a1475f2c71a6627522eb169
resources/bmm/BASE/LOCALE.bmm.json	resources/bmm/BASE/LOCALE.bmm.json	unchanged	8145e9290cacf5f3f9a6c762488e9c7021a6d9e2	fd7886f9d5e63b12810644f380c22994efb7b2d38f48bff119b24c2e3b2fa76e
resources/bmm/BASE/LOCATABLE_REF.bmm.json	resources/bmm/BASE/LOCATABLE_REF.bmm.json	unchanged	4c555bcfe1ed8cac666df277d5ea1d2c71e386ae	64e7267a8da4f662a05bf63bd0038f2a99341135f99f7107a2dec57d47bd7492
resources/bmm/BASE/MATH.bmm.json	resources/bmm/BASE/MATH.bmm.json	unchanged	31f23f0d43655038bbbe3501a11af7578d98cdcb	68931ca2bba806f117ee8426dd88894ca1605d19088bc1019a8bea44963947c0
resources/bmm/BASE/MULTIPLICITY_INTERVAL.bmm.json	resources/bmm/BASE/MULTIPLICITY_INTERVAL.bmm.json	unchanged	d8ed4add9e1411eeb8730eb853e23ecfa13756b4	cd6645d468eea4074a76465a5789ab74d3d6e97109a1d4bb59865cd8fab6cdee
resources/bmm/BASE/NUMERIC.bmm.json	resources/bmm/BASE/NUMERIC.bmm.json	unchanged	e923dcc926ded642e5117811ed473df8655321a7	39f78af5155b641361cdcd2ad6eb5e60c2be0eb3e7c276de25930140662eba8c
resources/bmm/BASE/OBJECT_ID.bmm.json	resources/bmm/BASE/OBJECT_ID.bmm.json	unchanged	17a62853d0bbb6e36bd6776644c90bd3b1ccbe44	888685a0af945c59fa3c98266f9f93983a76daeac2bec59776828f4580aae393
resources/bmm/BASE/OBJECT_REF.bmm.json	resources/bmm/BASE/OBJECT_REF.bmm.json	unchanged	f5141827f8a1e58c5f4da6ff375e774d67cf6386	916d6ba8a60f504fa316b02d824e839cdc233271180c9cd4bc3f1390d09c5c1c
resources/bmm/BASE/OBJECT_VERSION_ID.bmm.json	resources/bmm/BASE/OBJECT_VERSION_ID.bmm.json	unchanged	96794aeeb4f5c9d5e4fbe55069bd16a926b0e252	3f74090dc6d20b1eb2a937f2e94f748d31fcdcab7519f79a2173d96bfa5e5528
resources/bmm/BASE/OCTET.bmm.json	resources/bmm/BASE/OCTET.bmm.json	unchanged	8d30e092cb6a29d114ff4b6273351584a3ec021a	953fe70d1c92f108a83d575544c701f738765f1eef47273d045414c7a00eac6e
resources/bmm/BASE/OPENEHR_DEFINITIONS.bmm.json	resources/bmm/BASE/OPENEHR_DEFINITIONS.bmm.json	unchanged	bd480d7fa6029e4819fdfa44d155b58f4c03ff95	d5cd3efed4ba0b687bd9e70382268da4fc7f774442d3507586b7b01b2ad25bd3
resources/bmm/BASE/ORDERED.bmm.json	resources/bmm/BASE/ORDERED.bmm.json	unchanged	ee8ba2e685cd1e6f562085d8d0d35750d15b0036	bea958061a7cb70d6688ae5f466863af8a57b7c4d21784f6520922ac143cdfec
resources/bmm/BASE/ORDERED_NUMERIC.bmm.json	resources/bmm/BASE/ORDERED_NUMERIC.bmm.json	unchanged	a29b5453936dea4e56581698ea768a7d29ec5d2e	eae2daa6e1fffc7f22da0da7abc95b5c65d9ed0d407d7fb080f6e363252b81b5
resources/bmm/BASE/PARTY_REF.bmm.json	resources/bmm/BASE/PARTY_REF.bmm.json	unchanged	e9587cc66df5fc10fb4f9d3f17852d5e03b9e92d	168f947c4c60d885203a35fb89a49155faa8994ffa805d545388e69996076d66
resources/bmm/BASE/POINT_INTERVAL.bmm.json	resources/bmm/BASE/POINT_INTERVAL.bmm.json	unchanged	c7985dc438d8ffcce0b327e406eb47f3fc7cea2b	962d86a00b0bc12c3e12c848f718714d0997e2b15ff23935db0f9c5088ec41b7
resources/bmm/BASE/PROCEDURE.bmm.json	resources/bmm/BASE/PROCEDURE.bmm.json	unchanged	75763e168c46bafa81f64ee0ddf8e5e333abfc2f	e1b764cd5b43f2e24af7f59a5fabbd7355a2ddd4f4d45ac03bca7d0af58022de
resources/bmm/BASE/PROPER_INTERVAL.bmm.json	resources/bmm/BASE/PROPER_INTERVAL.bmm.json	unchanged	ca62b21d0f10d7254d464cf9dec848793e794a91	4e005ae8efc496d7abf96fef3e2c0ae0ca7dc3405ed1a4ae298dc7b0fd739e07
resources/bmm/BASE/QUANTITY_CONVERTER.bmm.json	resources/bmm/BASE/QUANTITY_CONVERTER.bmm.json	unchanged	1f1e59e9b1f5a207d0adf88f75166decca255d9e	d5793c40d807dd1740dcdc0eeb28c1a834710e5842845c9ea8446ea445855152
resources/bmm/BASE/REAL.bmm.json	resources/bmm/BASE/REAL.bmm.json	unchanged	be8553a8327eeef5824dcc9ff077be3cfe9d7cd5	1b2ee004e6e5d658dc0be5176990b05dcf3b929dabb499d82d3ccacfb719e88c
resources/bmm/BASE/RESOURCE_ANNOTATIONS.bmm.json	resources/bmm/BASE/RESOURCE_ANNOTATIONS.bmm.json	unchanged	9c6e53fdbaee7bfbc7c9ee338ab684713df1d075	5eb228ca4c79f64046db8092bb4899c48b789e913539717969dc5bb6f5f9881f
resources/bmm/BASE/RESOURCE_DESCRIPTION.bmm.json	resources/bmm/BASE/RESOURCE_DESCRIPTION.bmm.json	unchanged	a099f65b6642fa161a17bec654270f4602cfc6f2	51c25b3d1a4cf30eeb61b714e71cbe5f1a10f56d3af44517c2cfeab15c420f6b
resources/bmm/BASE/RESOURCE_DESCRIPTION_ITEM.bmm.json	resources/bmm/BASE/RESOURCE_DESCRIPTION_ITEM.bmm.json	unchanged	8ac8fc1ea6c48ff72f85e2571a6d6fbc190e977f	551e694c259c9a5a3c32a76f31bb05c813354b64f206d02fc42c36c64bdaf55e
resources/bmm/BASE/ROUTINE.bmm.json	resources/bmm/BASE/ROUTINE.bmm.json	unchanged	fd9bc63de36ad4a3ed14b9b552e09684bb47a29a	66251cf502b4886e0692fe76493031962aaf062a21283eea9c85492c05ed5bc0
resources/bmm/BASE/SET.bmm.json	resources/bmm/BASE/SET.bmm.json	unchanged	4fdec17c952336886e2c8e9e70850fde80c13a03	82b96bff41ea6bc21049bc140858e8e462470569b404b4cac754e55a87d3fdde
resources/bmm/BASE/STATISTICAL_EVALUATOR.bmm.json	resources/bmm/BASE/STATISTICAL_EVALUATOR.bmm.json	unchanged	c9a044e9d0a458e1d6dc8a3c0b26d212bc943e58	760b98a15942b071fef6f3d4ae0de291df374266f21cf01e3afdd787a1241c4a
resources/bmm/BASE/STRING.bmm.json	resources/bmm/BASE/STRING.bmm.json	unchanged	8abcdca13e66c5daacff12e98bacac749718df15	54c861da79e76ec024ee58f864782d4c875cb5a2ddf738dd33101dd9624ccf64
resources/bmm/BASE/TEMPLATE_ID.bmm.json	resources/bmm/BASE/TEMPLATE_ID.bmm.json	unchanged	34dfd7896a1f7f5d07381042bb7bddd122b4146a	792c48b24e3b43274515f074a6035b4970f2bd5cec4d613562a1836104b2adc7
resources/bmm/BASE/TEMPORAL.bmm.json	resources/bmm/BASE/TEMPORAL.bmm.json	unchanged	459f92c17a5444692424312f2f5b93e17a5fc787	1c68df0593c2763ab0927c9fd89d1a0f33440657ba799e034d087a81f55168d8
resources/bmm/BASE/TERMINOLOGY_CODE.bmm.json	resources/bmm/BASE/TERMINOLOGY_CODE.bmm.json	unchanged	c972a8aedbf721cc6dcab5c7cf336a2449f89af6	f3390e3112dd3d9558b362da876da01a64bc77a6915230c4cd187df9188830a7
resources/bmm/BASE/TERMINOLOGY_ID.bmm.json	resources/bmm/BASE/TERMINOLOGY_ID.bmm.json	unchanged	14ba18bdd009dfb1b2307426b51ff6045415d579	91b4314be16a056a1e3ec42b7dc2e366ec0df1a126c69f3269944b04ca614848
resources/bmm/BASE/TERMINOLOGY_TERM.bmm.json	resources/bmm/BASE/TERMINOLOGY_TERM.bmm.json	unchanged	8df1b56c82f26d381fd4bb5f31857e20e104b41d	8e030242a46706a38e0535c36678f3dd67a785642082ea9aee75796fe7b90536
resources/bmm/BASE/TIME_DEFINITIONS.bmm.json	resources/bmm/BASE/TIME_DEFINITIONS.bmm.json	unchanged	d0306979e08a2019bb6646f748cfb629b160a56b	8705221ea363c3c8b53e74f1045ef2d1ab899485528c1e0476c32c81345a746d
resources/bmm/BASE/TRANSLATION_DETAILS.bmm.json	resources/bmm/BASE/TRANSLATION_DETAILS.bmm.json	unchanged	60e6c507c265741e502858844d947b9f51257530	b757b49d108c42df79f9dea624a104d6b50c1e9fab8e0e0a288892753d239584
resources/bmm/BASE/TUPLE.bmm.json	resources/bmm/BASE/TUPLE.bmm.json	unchanged	d30a9216795a4a9d667bfb54b2dbd0ee48f3a257	5b99afc4df1a36a07ac9111d397cfb4f5cdfb1ebc4b3c174c00a595c3e55f8ba
resources/bmm/BASE/TUPLE1.bmm.json	resources/bmm/BASE/TUPLE1.bmm.json	unchanged	6179fd96117941ac3ad83562a3b818848b79503b	36f5937b0371e387b9f2779266ae3df5ce1965e430254698549897525a2cd8b0
resources/bmm/BASE/TUPLE2.bmm.json	resources/bmm/BASE/TUPLE2.bmm.json	unchanged	1ea9a2a8b5d07aea3d2d938579941215573c96e4	5fe0c261f36056dc7c3e9d19953163a1f3a5fdf5847f590303658064ec136bdf
resources/bmm/BASE/UID.bmm.json	resources/bmm/BASE/UID.bmm.json	unchanged	a81b8f540173cb4268c498e6918b58aed6a5ef46	98484f931ea30c723a46a3ec61e3bf7401046b6ee028a577eb9517a3c97f28c9
resources/bmm/BASE/UID_BASED_ID.bmm.json	resources/bmm/BASE/UID_BASED_ID.bmm.json	unchanged	57ceb6cbc8c1dbf209b597264f73ed571670f64f	6d1643a6d65bf98a6be489474c46956ce1b927d754d6da57f17d20b9113c422e
resources/bmm/BASE/URI.bmm.json	resources/bmm/BASE/URI.bmm.json	unchanged	1797647fc5e14e35a0d7dec5bb3c3ec2b0787027	8120cb80b33719306bb38beb1fcc9aa3951d6a4b357556eb2ef4a8ecb573c87e
resources/bmm/BASE/UUID.bmm.json	resources/bmm/BASE/UUID.bmm.json	unchanged	bb2229e981f06a3ff1b48346a92e20cd59f0846b	61c07c1efe0d078efbff4f7ac3ce0f5c098b0de91b92027944e0be2d4d5b05ca
resources/bmm/BASE/VALIDITY_KIND.bmm.json	resources/bmm/BASE/VALIDITY_KIND.bmm.json	unchanged	6b245c4cd12241c3445d3f6a98c81830539ae8af	c1a787044644cab53be4c2c67f35901816d3023c9abf96b26fb4944ed48466c3
resources/bmm/BASE/VERSION_STATUS.bmm.json	resources/bmm/BASE/VERSION_STATUS.bmm.json	unchanged	81401582ba589a2a71064fbe150e74688dc41d1d	77ce896d5de870ad477b4db1662137ca349e59e8e5434af6e92fe21247d0d5ac
resources/bmm/BASE/VERSION_TREE_ID.bmm.json	resources/bmm/BASE/VERSION_TREE_ID.bmm.json	unchanged	5e2e6c9e5b4ba78e7587c36dd8bfbc24f8734938	562500755f2ade54a3e85ac974b5ba890cb10b41ff778f97fecf62431bb421ed
resources/bmm/LANG/ASSERTION.bmm.json	resources/bmm/LANG/ASSERTION.bmm.json	unchanged	5f4153bc647bbc7d4a96989134def3cef0d5c98b	2c0f0100763c07a97df4d031a176adb7afd68cb5b64cbbc3e19a775bdf7c3b99
resources/bmm/LANG/ASSIGNMENT.bmm.json	resources/bmm/LANG/ASSIGNMENT.bmm.json	unchanged	009845de779d592b0c070050f16c27c3ce21bc0f	aae5f0dce04b659860509923baef62ee0bef25ee3c7ad7c93a0232a1e766baf1
resources/bmm/LANG/BMM_CLASS.bmm.json	resources/bmm/LANG/BMM_CLASS.bmm.json	unchanged	cc9d8d34faa0ba707406d47106a6fd73bb7bb458	05fa8c41e3ff0c5d8560e1032f9afe724615425ffd1177eb95f94b5637ecede1
resources/bmm/LANG/BMM_CLASSIFIER.bmm.json	resources/bmm/LANG/BMM_CLASSIFIER.bmm.json	unchanged	44513052261cba42ab2c6c66c672ba6533fb9a5c	67680b35fc69cde17a71290a8912f1bba2e93c7304366437041ad005a9a76f9f
resources/bmm/LANG/BMM_CONTAINER_PROPERTY.bmm.json	resources/bmm/LANG/BMM_CONTAINER_PROPERTY.bmm.json	unchanged	7e5c7d63229f3ef096bc64a09c9529baf45b906b	b093ccc5a277966c711a2e6445609ae3cd800577401658fce155fb4147b62b6d
resources/bmm/LANG/BMM_CONTAINER_TYPE.bmm.json	resources/bmm/LANG/BMM_CONTAINER_TYPE.bmm.json	unchanged	b308b30e0896143f2b704e17d81e40b5e84fd66e	00abb44d543444abd1fcf7859d3fb46fa034fdea18933280da84921df529bc85
resources/bmm/LANG/BMM_DEFINITIONS.bmm.json	resources/bmm/LANG/BMM_DEFINITIONS.bmm.json	unchanged	992fa374fbf928906edf57262872bb826d4f01b1	920f049d547ee6d304881c1425340f73c6c169c0269f55aadcff7e869056c545
resources/bmm/LANG/BMM_ENUMERATION.bmm.json	resources/bmm/LANG/BMM_ENUMERATION.bmm.json	unchanged	7fb16508454c68cf7d7f9889abea5f26cbb95589	000e1682f8fa0f9fc2467133193d3afdb65507addb43b3f8b6022a07a9fb3310
resources/bmm/LANG/BMM_ENUMERATION_INTEGER.bmm.json	resources/bmm/LANG/BMM_ENUMERATION_INTEGER.bmm.json	unchanged	d2a6025f75beedce8d0b65e8fb7f5a5aeb8738fa	0d48a7f82f45f4d937eb7651b94e39ca6a74863a60ec30319fde758d273a1e40
resources/bmm/LANG/BMM_ENUMERATION_STRING.bmm.json	resources/bmm/LANG/BMM_ENUMERATION_STRING.bmm.json	unchanged	fa7de4ecf320111286f3779e3b55602158a39595	019a60228d933795e4e028cf30e32b87a1ec951600ec4893aefcc3718f30b86c
resources/bmm/LANG/BMM_GENERIC_CLASS.bmm.json	resources/bmm/LANG/BMM_GENERIC_CLASS.bmm.json	unchanged	5c8f9d471d836ec95965193cb12766b0226a1345	7ba2cfda6c7e2a03015a870b6605383e80f381d8bd2c25b15cc994148e109a8b
resources/bmm/LANG/BMM_GENERIC_PARAMETER.bmm.json	resources/bmm/LANG/BMM_GENERIC_PARAMETER.bmm.json	unchanged	1d7c80eed8fb082c35d5a6d0d9b17eef15ce287d	9c355fd89072c48f85728129e6d1a2b9c00eadd145befa55640d8b53fbc75ebc
resources/bmm/LANG/BMM_GENERIC_TYPE.bmm.json	resources/bmm/LANG/BMM_GENERIC_TYPE.bmm.json	unchanged	d9e1be948273871b572ed73707a1ee42399de7d0	7c25d5ed0603d98c467dcf6fb85dbd5db6d2422e8aea38bb6ce367d9fd8468ab
resources/bmm/LANG/BMM_INCLUDE_SPEC.bmm.json	resources/bmm/LANG/BMM_INCLUDE_SPEC.bmm.json	unchanged	a72e9a332e48851454ad4803fda7f707f1d57cb8	54c3fe2721834091950ed7753647a4bd5b0a64a7a6236c4f38faf94499791238
resources/bmm/LANG/BMM_INDEXED_CONTAINER_TYPE.bmm.json	resources/bmm/LANG/BMM_INDEXED_CONTAINER_TYPE.bmm.json	unchanged	88116f34f764b6f05c7fec6cdd42c0b4b4d6d9c3	71e4d739c079bb0f13cfcf7e34edfcd4ea849e08bc061be019416b4e048d7472
resources/bmm/LANG/BMM_MODEL.bmm.json	resources/bmm/LANG/BMM_MODEL.bmm.json	unchanged	dac5bd4e7c3093cf0f1e91a13b121e4d3961a21f	9ee172cf060112cb9ac591c0316ecefa6b212d1f251cb9de1500798bddcdb691
resources/bmm/LANG/BMM_MODEL_ELEMENT.bmm.json	resources/bmm/LANG/BMM_MODEL_ELEMENT.bmm.json	unchanged	4e90c11ee03a76d8c4a768eaf8237e32ac3d8214	92184bab1e04b89d126f1b5bb0f3291dc26accb52d01e2aa94ee078a0129d931
resources/bmm/LANG/BMM_OPEN_TYPE.bmm.json	resources/bmm/LANG/BMM_OPEN_TYPE.bmm.json	unchanged	5945ba5829dc75ed74fd283e085f4c32929af6af	bf9900c036ae1009e1db3dd2265d6b816adced1a47a302cab63f1ff85ba09b48
resources/bmm/LANG/BMM_PACKAGE.bmm.json	resources/bmm/LANG/BMM_PACKAGE.bmm.json	unchanged	d8f98ad67efc83b63c18ee066512f7de153154dd	2763dbd907f50cc097023e3d8e9b9685220c015c04f52ea9a75841fd72ad72a6
resources/bmm/LANG/BMM_PACKAGE_CONTAINER.bmm.json	resources/bmm/LANG/BMM_PACKAGE_CONTAINER.bmm.json	unchanged	5de5a2802b56d55692f4888b0edd8cb3ae46721f	cb2a3a50ce2e35772e6fcb459d7390c6b2a360239b27b8222e9ac7a34c8200f1
resources/bmm/LANG/BMM_PROPERTY.bmm.json	resources/bmm/LANG/BMM_PROPERTY.bmm.json	unchanged	13ac9a020eb2404e55fc168aa4e9f4a63ddbab20	a5486dc820efc91bec5a918363eb96c78b9d1b86b270462f8fb1a774a5fcef34
resources/bmm/LANG/BMM_SCHEMA_CORE.bmm.json	resources/bmm/LANG/BMM_SCHEMA_CORE.bmm.json	unchanged	e87a034203969c7cfb9651f7afaeb8632c1ceb4d	449beb1e73fb21ffbd2cdba03d0e7e8c42213fc01ae90c5987013d04bbef429e
resources/bmm/LANG/BMM_SIMPLE_TYPE.bmm.json	resources/bmm/LANG/BMM_SIMPLE_TYPE.bmm.json	unchanged	cc11f90838cff9b226ae8dd723e7bfd5cb0d2779	ddc108566fd9a5041c5fda38b31c1d7ec8ca4e2085e3f57ac9d5a35f33e28531
resources/bmm/LANG/BMM_TYPE.bmm.json	resources/bmm/LANG/BMM_TYPE.bmm.json	unchanged	e7f6862be8a6e30595e4f2c3339f09a12233a0e7	b8cf84a24bced9cf2a8cd010c8f832635e0a4b0e2938ba2423cbc551c1d4ed0d
resources/bmm/LANG/BMM_TYPE_ELEMENT.bmm.json	resources/bmm/LANG/BMM_TYPE_ELEMENT.bmm.json	unchanged	498d492b5ac5e6196ea3541d74a027226069defa	a31c2a90d48ca71c3db28201c8ca8e0e3f5ca4dec541cfafa09218e43c1a655c
resources/bmm/LANG/EXPRESSION.bmm.json	resources/bmm/LANG/EXPRESSION.bmm.json	unchanged	3eb877f871027614a8ead29a2efcdfd9bac3e993	bf13451d0e3e92fafb475bc00a0f6ceeeb7385537ae26f3f01854167bacabb70
resources/bmm/LANG/EXPR_BINARY_OPERATOR.bmm.json	resources/bmm/LANG/EXPR_BINARY_OPERATOR.bmm.json	unchanged	2c55d4ed2376f9d7149b495812375412163b8033	b8514f1f7db0c2aab910acfda4e59929ae26bcd6f43f8a7eccd01ce72f767b9b
resources/bmm/LANG/EXPR_FOR_ALL.bmm.json	resources/bmm/LANG/EXPR_FOR_ALL.bmm.json	unchanged	fc560026fbe6763353bd23039df050b05abe6a78	0e8b3064d93fe9f1527d16d4ce681cf6cbf8cb34b178e36dd83f4704cf1b8216
resources/bmm/LANG/EXPR_FUNCTION_CALL.bmm.json	resources/bmm/LANG/EXPR_FUNCTION_CALL.bmm.json	unchanged	47238b5c815546645be999a0e8da028975f90047	a828a45f59db735381bfe7e68ade129a1bb057abf56de7ca643762a5c6d8e76a
resources/bmm/LANG/EXPR_LEAF.bmm.json	resources/bmm/LANG/EXPR_LEAF.bmm.json	unchanged	78ccb300f4885ec875a0690e9b30c280e4f9993d	30429a284bdf65d0872de5bf9a5d842324f21d43f87de3ef1ccf0899d265530b
resources/bmm/LANG/EXPR_LITERAL.bmm.json	resources/bmm/LANG/EXPR_LITERAL.bmm.json	unchanged	ad0a9d76e911fd4bfdeb67ac6998363698dd0830	8f4809b52d472e9a5828806d7520291c4da0467a284481523fc342c224ea4cdc
resources/bmm/LANG/EXPR_OPERATOR.bmm.json	resources/bmm/LANG/EXPR_OPERATOR.bmm.json	unchanged	362d6479b395e23731991f5bc53e671ee7a40bbe	e3fac2aaa7d045bd66b78417c9cd1a506c787fb6e861ce59f4ec2abe4f9b8f91
resources/bmm/LANG/EXPR_TYPE_DEF.bmm.json	resources/bmm/LANG/EXPR_TYPE_DEF.bmm.json	unchanged	10d2b4ca72dd063ec8805c186a12eed2665412d2	e1d1cb2d5117c4078117d9cfb94cc664de7e6dbacdbfab06ff5e8bce0729e0ff
resources/bmm/LANG/EXPR_UNARY_OPERATOR.bmm.json	resources/bmm/LANG/EXPR_UNARY_OPERATOR.bmm.json	unchanged	5777c4610b812681b8eb7cbd98bbe8774c8abb8d	22eea293c4a6ae011a82e3fb9104873529036dd00d266fe00b1b5438e3dcc042
resources/bmm/LANG/EXPR_VALUE.bmm.json	resources/bmm/LANG/EXPR_VALUE.bmm.json	unchanged	a88cd7f3c2712647d6065009a271556a3eb6339c	0ea7ca040641ce08cf0502ddf4cbd698b3a4fdd363be78a8dec78358386714b3
resources/bmm/LANG/EXPR_VALUE_REF.bmm.json	resources/bmm/LANG/EXPR_VALUE_REF.bmm.json	unchanged	453adc4538a0e67c3e4a17a3f3c67d7f23e8222d	484293199ed03441ad4be431bf1dd6f8b6bd505d1847f6e9784dcecfbf231ccf
resources/bmm/LANG/EXPR_VARIABLE_REF.bmm.json	resources/bmm/LANG/EXPR_VARIABLE_REF.bmm.json	unchanged	9e05d48da1a5ca98244b229277005882f3fcdc83	3216e01bcc523b31c9e37aaaf8e2ef1366bda4f09c7a7873456e5c19a92f976b
resources/bmm/LANG/EXTERNAL_QUERY.bmm.json	resources/bmm/LANG/EXTERNAL_QUERY.bmm.json	unchanged	12942e959bbcdae4075981ca4a496814dd611700	0645ce51c21eeada5c5ee6b35559773f9c5d2dacb452938e6577ac727d65b43f
resources/bmm/LANG/OPERATOR_KIND.bmm.json	resources/bmm/LANG/OPERATOR_KIND.bmm.json	unchanged	64d19878b6ab845b9bcb590c023c2c5fe54837a9	56beeb8c243b3124d75681923e6abc7ba413eb5ce16c3b62ed64726ef1fa30bc
resources/bmm/LANG/P_BMM_BASE_TYPE.bmm.json	resources/bmm/LANG/P_BMM_BASE_TYPE.bmm.json	unchanged	ba92fac9d18f66fe71c3acaf4993835e8086bf38	bee31b918ab64a156e57d2079275cd95bf3bb8a26b9812271c7a9e683968df04
resources/bmm/LANG/P_BMM_CLASS.bmm.json	resources/bmm/LANG/P_BMM_CLASS.bmm.json	unchanged	8c26ca2cfd47a389d8a9215e6768ef041c54fe94	1c2b3ce763ede36ebe421af3dffa0166fb53c149bb9121075fa72d6348fa3032
resources/bmm/LANG/P_BMM_CONSTANT.bmm.json	resources/bmm/LANG/P_BMM_CONSTANT.bmm.json	unchanged	8f28919182fcdc7460ed98a8974214632badb759	36976f9dbdfc1e2a16a91c718c6a9073c1a2471691ad57ad9f0c2b1f3a9e359c
resources/bmm/LANG/P_BMM_CONTAINER_FUNCTION_PARAMETER.bmm.json	resources/bmm/LANG/P_BMM_CONTAINER_FUNCTION_PARAMETER.bmm.json	unchanged	4e80774da0f5bdba5bbbffe6fc4b58cd1cde160a	a986cbfa2c13e780d5f97a7058b3bb67b33e02ce33011d15bc5c5875a761bb83
resources/bmm/LANG/P_BMM_CONTAINER_PROPERTY.bmm.json	resources/bmm/LANG/P_BMM_CONTAINER_PROPERTY.bmm.json	unchanged	be505530c64dd1854c72c378ad84cdc5a4a52bf5	1ebcc13350107fcd2e4d618db6c355572b3ffa897df82b7b82e28535a5d35164
resources/bmm/LANG/P_BMM_CONTAINER_TYPE.bmm.json	resources/bmm/LANG/P_BMM_CONTAINER_TYPE.bmm.json	unchanged	348c923c924c69420eaecac03dcae487c4c6a558	db9711249bd059a46a9d138e11edde0b2504a222012f3c1d97e640ec8a54663a
resources/bmm/LANG/P_BMM_ENUMERATION.bmm.json	resources/bmm/LANG/P_BMM_ENUMERATION.bmm.json	unchanged	488d1ceb1c09f05e27ca1c306455ecb02f103ba0	086807cfb50a7471ef0b68c3a4525023511fae661d0a00de295b4c27630b3033
resources/bmm/LANG/P_BMM_ENUMERATION_INTEGER.bmm.json	resources/bmm/LANG/P_BMM_ENUMERATION_INTEGER.bmm.json	unchanged	9a46b441670c28d88257128c48b9e71436b04a7e	9d39180197fd25ce02d94dee6faaf43e8c585f15cd7c106c3a30a68018db2f35
resources/bmm/LANG/P_BMM_ENUMERATION_STRING.bmm.json	resources/bmm/LANG/P_BMM_ENUMERATION_STRING.bmm.json	unchanged	133c589279b999c95852eff6e174977944124f09	f0ba2751da81197b90b32d46c081f0f68fb2d1ed0825744b73af2fede8daad79
resources/bmm/LANG/P_BMM_FUNCTION.bmm.json	resources/bmm/LANG/P_BMM_FUNCTION.bmm.json	unchanged	4d051250e39b983fe7526d46d10690e961374b1b	23fc5ae451dc2cac0a2c0b3465f988aa2ba1a2d65c96620998aa6912026a85d1
resources/bmm/LANG/P_BMM_FUNCTION_PARAMETER.bmm.json	resources/bmm/LANG/P_BMM_FUNCTION_PARAMETER.bmm.json	unchanged	ffc5251b4f63c06c053f2182dfa0d0ab298d6b4d	34bea692465fb7f5458bf28653e9541709e61a916f8e81ae621182b9e02504bd
resources/bmm/LANG/P_BMM_GENERIC_FUNCTION_PARAMETER.bmm.json	resources/bmm/LANG/P_BMM_GENERIC_FUNCTION_PARAMETER.bmm.json	unchanged	3adc383e0d445572b9069c4a2ac8d88855da45e3	872c7adf6a7eff7e0b674589d2ef14f80d5cad0f5ee7a807f6c6be68a38e95e6
resources/bmm/LANG/P_BMM_GENERIC_PARAMETER.bmm.json	resources/bmm/LANG/P_BMM_GENERIC_PARAMETER.bmm.json	unchanged	3c45674e94a2f292bb97f39249575bd83c669b43	3609a936d628f3516edbd43a57e9e8f6c5c8750861a7b7987dc82eced7dd2df5
resources/bmm/LANG/P_BMM_GENERIC_PROPERTY.bmm.json	resources/bmm/LANG/P_BMM_GENERIC_PROPERTY.bmm.json	unchanged	622f210fe41a8873eacb18dcb0faa8c1159bad3e	b7a7f0b3e88ae277c53dc72c345fa6684bbfd90a236e8645486c8510f9ec309e
resources/bmm/LANG/P_BMM_GENERIC_TYPE.bmm.json	resources/bmm/LANG/P_BMM_GENERIC_TYPE.bmm.json	unchanged	2eb7630bed55260bd0ba298840180fa0626cccdb	d559c9d334e0530f28bff0cdcb1c4549e38db9a05f9414c2a41ffa07fe3ce4ef
resources/bmm/LANG/P_BMM_INDEXED_CONTAINER_PROPERTY.bmm.json	resources/bmm/LANG/P_BMM_INDEXED_CONTAINER_PROPERTY.bmm.json	unchanged	99b7b75770ac64060a94570eaf38f6cd80b5739f	99060dd82723d008a3e2f529c773f8619bd98cb89bb3959294f20df9af9b8e17
resources/bmm/LANG/P_BMM_INDEXED_CONTAINER_TYPE.bmm.json	resources/bmm/LANG/P_BMM_INDEXED_CONTAINER_TYPE.bmm.json	unchanged	26d377aa923c83a58f76233904b54e9f01081a3a	727f4f0dbacb51073228dd02ed7c9be74f61a8888c2b428d5f3531c102f67151
resources/bmm/LANG/P_BMM_INTERFACE.bmm.json	resources/bmm/LANG/P_BMM_INTERFACE.bmm.json	unchanged	480a34c891bc9de129f071393c78fbcb0c63e365	2c27bd4129fccd291f77d2c362841080d74c942b8f6214d747b64f46f5eff7d4
resources/bmm/LANG/P_BMM_MODEL_ELEMENT.bmm.json	resources/bmm/LANG/P_BMM_MODEL_ELEMENT.bmm.json	unchanged	e90bc218d9643363ca62121fb2d77a66fba577fa	c1b0a41ef81c220db1e16582e6cccccfefd32ef7e409df2d9e971e5b9b2b1054
resources/bmm/LANG/P_BMM_OPEN_TYPE.bmm.json	resources/bmm/LANG/P_BMM_OPEN_TYPE.bmm.json	unchanged	de2678733bd51e1930007fa47b80395d8cfa980a	5d4fd8f30c53426823f90a43fa2d37ad8fb7093c8d2be21f95500e373e4b6e01
resources/bmm/LANG/P_BMM_PACKAGE.bmm.json	resources/bmm/LANG/P_BMM_PACKAGE.bmm.json	unchanged	9cda37a5224990eb82eef2916a09e2166e461027	3e0f75f2246e2e4fbd1df48b2429c083cc6fbf991f760cc70b6a986c8e8bce66
resources/bmm/LANG/P_BMM_PACKAGE_CONTAINER.bmm.json	resources/bmm/LANG/P_BMM_PACKAGE_CONTAINER.bmm.json	unchanged	6844d4f61ad31d3b5916ea68cbeeb0f71f23cf71	ff8d4e1e7a48725aea1d40068220327da9569018deec49d76356c24e5ec91206
resources/bmm/LANG/P_BMM_PROPERTY.bmm.json	resources/bmm/LANG/P_BMM_PROPERTY.bmm.json	unchanged	895131d7c0af56f7ed5e7bef351b551231e08a9e	e212a7cf30270eec22438f45da31b7be64de1f94bf2178b56c1d461e3ccb1a49
resources/bmm/LANG/P_BMM_SCHEMA.bmm.json	resources/bmm/LANG/P_BMM_SCHEMA.bmm.json	unchanged	a90122fb240fecbb0b24ad383bebe49cf90330bd	74076218bcd49aabef734a955d80de48c6b594e51242195434581418853eaec5
resources/bmm/LANG/P_BMM_SCHEMA_DESCRIPTOR.bmm.json	resources/bmm/LANG/P_BMM_SCHEMA_DESCRIPTOR.bmm.json	unchanged	9edd527ac5762020bea297eb5e0a07a22568e56e	d41878bb9d0e3c92125fb7f19ae59528aed98a52dbac08e1956e706aca149f3d
resources/bmm/LANG/P_BMM_SIMPLE_TYPE.bmm.json	resources/bmm/LANG/P_BMM_SIMPLE_TYPE.bmm.json	unchanged	e7e43f2a93b65863cb4280a0c0096149a8a47bf2	099993ffa7e522779f60d92b4176f16b9c0a6f3cc841b6f4ae498253aebc4f23
resources/bmm/LANG/P_BMM_SINGLE_FUNCTION_PARAMETER.bmm.json	resources/bmm/LANG/P_BMM_SINGLE_FUNCTION_PARAMETER.bmm.json	unchanged	aa8cac29e13f6b8df2936749ba8b1ee96cfd3563	0740b9eafc28f3dcba0351706f7dddaa5ce36ef277b48e58ec510f36d4dfe34d
resources/bmm/LANG/P_BMM_SINGLE_FUNCTION_PARAMETER_OPEN.bmm.json	resources/bmm/LANG/P_BMM_SINGLE_FUNCTION_PARAMETER_OPEN.bmm.json	unchanged	a3b90675d2f55c521d01afada1d98884893c07d3	519c5cf9b7e561bda4e7a5f1134d2ddd79b3f12a4868ba70dc36a5a93e4783d0
resources/bmm/LANG/P_BMM_SINGLE_PROPERTY.bmm.json	resources/bmm/LANG/P_BMM_SINGLE_PROPERTY.bmm.json	unchanged	184be00f6b3a882533119108b79d332967b1d601	ec332b928d2e7e4616c3c685db4a8621c778dcd2864b75abceb1b2d36d10773e
resources/bmm/LANG/P_BMM_SINGLE_PROPERTY_OPEN.bmm.json	resources/bmm/LANG/P_BMM_SINGLE_PROPERTY_OPEN.bmm.json	unchanged	abda953d7552fdec9f625aee0cc8dfa29d1d231c	241a11354fcb24129b641c24b1a6b65753b840eb69d5e533b94cdfe59d1be779
resources/bmm/LANG/P_BMM_TYPE.bmm.json	resources/bmm/LANG/P_BMM_TYPE.bmm.json	unchanged	2309805956533b8fe26c96df91f18e8a0d65a58b	aa0920bf617c4c8bdac8c7636b7342b2fbbb1e6fa04558bafb6c81552229ff27
resources/bmm/LANG/REFERENCE_MODEL_ACCESS.bmm.json	resources/bmm/LANG/REFERENCE_MODEL_ACCESS.bmm.json	unchanged	2bcac2768960310eae344fef33d85681344acd7f	f4cb32648f79c2bc95c45039c44da089c3bba295f9de583618719abf18c4bfda
resources/bmm/LANG/SCHEMA_DESCRIPTOR.bmm.json	resources/bmm/LANG/SCHEMA_DESCRIPTOR.bmm.json	unchanged	f9746e1715410f1954fc32c3b0816f46e958de1d	bfeb13931779dadcd281973ea76334d702df4808ff5f6a3f494560be7b682945
resources/bmm/LANG/STATEMENT.bmm.json	resources/bmm/LANG/STATEMENT.bmm.json	unchanged	5c00b135ac552fd6328727b151c66b4a01fd63af	38a69bf5b59971c055bf4ac52ba5f61def983a75cd3dc33c53edffc5ef26f6e0
resources/bmm/LANG/STATEMENT_SET.bmm.json	resources/bmm/LANG/STATEMENT_SET.bmm.json	unchanged	577d00cfcbfa26dba2222b82a1f8c9a84563d1da	8d146f4fdfe6b485a237bf5b4c364158a9c4a1ad30eab8d143d7d5f36b288f30
resources/bmm/LANG/TYPE_DEF_BOOLEAN.bmm.json	resources/bmm/LANG/TYPE_DEF_BOOLEAN.bmm.json	unchanged	ecf10cf87e633fa74b308a30c12a5102158f63d8	d4c687a78e28feaea03a0ffa6488a8a28ccb0b07f37d55f2b912ad508900e1a4
resources/bmm/LANG/TYPE_DEF_DATE.bmm.json	resources/bmm/LANG/TYPE_DEF_DATE.bmm.json	unchanged	ae9eb1d1adc4affbea95f93abe7b747857b06168	bfae98e5ce7297ddac18a3744abf2c38f3ed2fc6ab60af1b307962c98cb14f72
resources/bmm/LANG/TYPE_DEF_DATE_TIME.bmm.json	resources/bmm/LANG/TYPE_DEF_DATE_TIME.bmm.json	unchanged	ea202258cd6977fba29442a600ab6c0da1f11fcb	648cac93ef7faa88577c4639d824fecd675e0930ab2202f765d83f4ba63bbae8
resources/bmm/LANG/TYPE_DEF_DURATION.bmm.json	resources/bmm/LANG/TYPE_DEF_DURATION.bmm.json	unchanged	0237196da91e02d1c5ddb3f420d1a8aaa927f1b5	74ab8217a17ea17fbb2a6c1c765a288e6212a7098a999d38d4a47d20fb2413ed
resources/bmm/LANG/TYPE_DEF_INTEGER.bmm.json	resources/bmm/LANG/TYPE_DEF_INTEGER.bmm.json	unchanged	2a4cdb66da5fede80c297bb401a04da310c1ea56	83436ec4ec1afaec13d48924ffabb8c31b437d2284f456062eb19fac4c81a915
resources/bmm/LANG/TYPE_DEF_OBJECT_REF.bmm.json	resources/bmm/LANG/TYPE_DEF_OBJECT_REF.bmm.json	unchanged	b8e6a4eba23f5d721a82127f1aadf2f9ba0ba8e4	b019fff0f8325a64921a5f01ae31e80e37ab2ecbabad8d768aa1f49aa16594e7
resources/bmm/LANG/TYPE_DEF_REAL.bmm.json	resources/bmm/LANG/TYPE_DEF_REAL.bmm.json	unchanged	4ee833902babe1e1dce1523c42949b93b3579e6b	29569742cc3b34bcaed8d453dedab59ab4bc7e4ab4d69508088af9f7eff4c0df
resources/bmm/LANG/TYPE_DEF_STRING.bmm.json	resources/bmm/LANG/TYPE_DEF_STRING.bmm.json	unchanged	a16a7a636f0599b549ad392e5f86fd4008e72695	e23b68d86c6f282cb579abdaead746cd7d2ad1f86792f0ad9a8797a1d733135b
resources/bmm/LANG/TYPE_DEF_TERMINOLOGY_CODE.bmm.json	resources/bmm/LANG/TYPE_DEF_TERMINOLOGY_CODE.bmm.json	unchanged	38e2d7059f19cda843ceb7f5ae085f15ebeabb49	65eea5312e6b9ee8410ab21ce27e48132cb8c7bcd29c0e57f977a73d2bdfe736
resources/bmm/LANG/TYPE_DEF_TIME.bmm.json	resources/bmm/LANG/TYPE_DEF_TIME.bmm.json	unchanged	16d5ef7fc97e6d4d71810fe8e5ea9bd055f4480b	1531da3658767fc9776cb740ed6ade4913cd612a033a65a53e2972ae6236e8ea
resources/bmm/LANG/TYPE_DEF_URI.bmm.json	resources/bmm/LANG/TYPE_DEF_URI.bmm.json	unchanged	27b247fae23bc787ef77a2b184447107ee396751	7458f581c72f12b366cf0623065eae7eaa6ad4273bc597be25e6ae01996a6704
resources/bmm/LANG/VARIABLE_DECLARATION.bmm.json	resources/bmm/LANG/VARIABLE_DECLARATION.bmm.json	unchanged	6eff0031d380f8914c0a846b0b898ec641a531dc	f4f4e2829d6198ea050ef1cab7ea92aad2637d71f142f3260c1e5548caa1e6c6
resources/bmm/RM/ACCESS_CONTROL_SETTINGS.bmm.json	resources/bmm/RM/ACCESS_CONTROL_SETTINGS.bmm.json	unchanged	25641661616804b306a11863ad06102a659be4f5	e98114248508adc02bb5f0b35da356790ee20f21cd97159037f731d8a199bd34
resources/bmm/RM/ACTION.bmm.json	resources/bmm/RM/ACTION.bmm.json	unchanged	02bfb7391bd7aeb40ce99c44b84af752b673063f	939723cf555a702c9a7b114bb9721c5595a5bfb0cdeada481e8a7ca9f16a3f96
resources/bmm/RM/ACTIVITY.bmm.json	resources/bmm/RM/ACTIVITY.bmm.json	unchanged	b28f805853038a20d4a556e81dbd1fdd9774f3c5	ae00bca646176e6bd16fe5d2987ed919d2323ed26ee0e25d2caedd46d123c49f
resources/bmm/RM/ACTOR.bmm.json	resources/bmm/RM/ACTOR.bmm.json	unchanged	e9747b20849dadc11db30ac8163cb2f62213a9ec	5eae945972a19d28c17223186e0cfec3b6f2001d5243eeb97faa53c6e49efe15
resources/bmm/RM/ADDRESS.bmm.json	resources/bmm/RM/ADDRESS.bmm.json	unchanged	60ef5585f7e450f33c22fdbff3adbb89fad959e2	b1508cb47dc8d341ab352f4d80af0c3fb5c05f0f07c6cf9ecf67a0bc0d490748
resources/bmm/RM/ADDRESSED_MESSAGE.bmm.json	resources/bmm/RM/ADDRESSED_MESSAGE.bmm.json	unchanged	a97dac784a1f3762781823f7814412450cb64f46	faf75f87fb5a9ae24a4d61c234ab723389a206b16f785d835c200353189aa4a2
resources/bmm/RM/ADMIN_ENTRY.bmm.json	resources/bmm/RM/ADMIN_ENTRY.bmm.json	unchanged	d6d5f309468017a084870ae3aec52e24defbbfdc	16b06c7fa12f2d870016b5eec56907a5b9d79a1b8fcc0a1d9b9a4418956f9563
resources/bmm/RM/AGENT.bmm.json	resources/bmm/RM/AGENT.bmm.json	unchanged	98f7e76d2c3e784efa29abc7fba0c19fb2970cd8	ed5acc1614e05b4d41d4e5ba43acc5af04b42dbe50a52686df5c5a638cce2aa9
resources/bmm/RM/ARCHETYPED.bmm.json	resources/bmm/RM/ARCHETYPED.bmm.json	unchanged	7867cb64484c9ae4983a3f5fe00cecf6b00828be	27b492e73af6f61865d6a88305400d43c3e0cec467d28b02eea5d749c9aa2eb2
resources/bmm/RM/ATTESTATION.bmm.json	resources/bmm/RM/ATTESTATION.bmm.json	unchanged	aedd5b1a78ba43570f7af46a8aa70ea76814450b	b2431fb5c3ca9d3722dfa1841da10c461854f6ee5bd11c6e940c9500bae84552
resources/bmm/RM/AUDIT_DETAILS.bmm.json	resources/bmm/RM/AUDIT_DETAILS.bmm.json	unchanged	392dcf11e0677ce9556ab641c04205d546ff13be	5fa6101723a119b7441ee8e236bb960e95b5d0468771a00b69ff53b0d8c21eca
resources/bmm/RM/AUTHORED_RESOURCE.bmm.json	resources/bmm/RM/AUTHORED_RESOURCE.bmm.json	unchanged	fbe48a5a4389a534cbe4368a5b02589ae1e4f4ca	5028fa81b85771761163a0009b9bd9a33d4daf4290ff0428f0aef2812240cb0e
resources/bmm/RM/CAPABILITY.bmm.json	resources/bmm/RM/CAPABILITY.bmm.json	unchanged	c5e072f8206febb0726085286b62b9cbeb342356	2512c7a1d85afeecaac49a5d89666913c75c73844fe96fee38d8a4a73f0498b6
resources/bmm/RM/CARE_ENTRY.bmm.json	resources/bmm/RM/CARE_ENTRY.bmm.json	unchanged	b70e5944784991347766e56ed452a34eb14c5246	c1216f8f49c8990c6eedb5e91a4809530396b45932a364f4250f2d39c01d64a8
resources/bmm/RM/CLUSTER.bmm.json	resources/bmm/RM/CLUSTER.bmm.json	unchanged	02d26303a5b14885bf9bc272a782b9c6e0123dae	21ac6edf49d1e068e15128ee13e5d88212ea49bdc733bb48dc8a108a6cfb591a
resources/bmm/RM/CODE_PHRASE.bmm.json	resources/bmm/RM/CODE_PHRASE.bmm.json	unchanged	9ed20e4c54140ca08f436217bf3525a094eb752c	d5e4681006a537daf20da2e83651a979c94db8c715bde11ac95e18cd5bd84bbf
resources/bmm/RM/CODE_SET_ACCESS.bmm.json	resources/bmm/RM/CODE_SET_ACCESS.bmm.json	unchanged	d820c0cc383a5f2f9b1071336732eea79517fca6	5cc8d3aae71a9c4c09a907af79c8679b4efe5e7bd55aee6b4403c6e22bb1ca6e
resources/bmm/RM/COMPOSITION.bmm.json	resources/bmm/RM/COMPOSITION.bmm.json	unchanged	24e31a543f03fefd28f285bb63aecfc502777d7b	b9f3282d2c50e501a1007a287b84377338383fefa39eb4ef99b7349a72b73478
resources/bmm/RM/CONTACT.bmm.json	resources/bmm/RM/CONTACT.bmm.json	unchanged	811b242e2b32c80688cea3ad698f7924dfd82f2c	d5fd984f1efbd00842241cb4d4c5fd42a0f9e34b60c0443684ab59d38a5be869
resources/bmm/RM/CONTENT_ITEM.bmm.json	resources/bmm/RM/CONTENT_ITEM.bmm.json	unchanged	2c0f1ce9d34947315affa82629727029d8b0d1fb	bde18b2396a22f86851a7e8dd99f42bc1a957a8bf7d1ab4239ab6dffce869bbb
resources/bmm/RM/CONTRIBUTION.bmm.json	resources/bmm/RM/CONTRIBUTION.bmm.json	unchanged	5bc44bc2af178f21b05ce461a1b20972e8bb60fc	14b883f2cefb00ced2e4bf2565886ef5dc22e7a8df5b5d4392d193bc75964a9f
resources/bmm/RM/DATA_STRUCTURE.bmm.json	resources/bmm/RM/DATA_STRUCTURE.bmm.json	unchanged	12df2d274fbf7494a3c677399c810a14f0bbfa7e	93add088252032c876498327af0a12e84b5e48946ba71c0e4b091707d063c31d
resources/bmm/RM/DATA_VALUE.bmm.json	resources/bmm/RM/DATA_VALUE.bmm.json	unchanged	d5437b7614b7efa048e65a1fa657474761eb6f23	9c5c5c4ce3a0e4aa135f8190e81e984bd4e8929f98a8215f78ffd88221a643fc
resources/bmm/RM/DV_ABSOLUTE_QUANTITY.bmm.json	resources/bmm/RM/DV_ABSOLUTE_QUANTITY.bmm.json	unchanged	eeb37011deb770e65b08be58309bdda8b111abf6	0f9a7cde80b61cd8f41df7af40f443af6df9627c4b1f0525c898833cf53547c4
resources/bmm/RM/DV_AMOUNT.bmm.json	resources/bmm/RM/DV_AMOUNT.bmm.json	unchanged	3cf83ed6b23e0503067f7ded91d11aa71b2c00d6	1e80d275f2ddbd340d3dab2d8875b1d7714613c5ec843c14afc4dad39fcef657
resources/bmm/RM/DV_BOOLEAN.bmm.json	resources/bmm/RM/DV_BOOLEAN.bmm.json	unchanged	9b7f6df254cb65a81c8221abce1420ddde8ed00e	2f8803c5e32405bfe1136869258cf170793b716a88ebc840950b5722663f514d
resources/bmm/RM/DV_CODED_TEXT.bmm.json	resources/bmm/RM/DV_CODED_TEXT.bmm.json	unchanged	b50aa90e01eb40d859b1de5f9a5f14f844dc8637	07e1ceb5f9dc1e3bce18d77504075ecf1eba6069af179012c12319483142ddc7
resources/bmm/RM/DV_COUNT.bmm.json	resources/bmm/RM/DV_COUNT.bmm.json	unchanged	90c9a0b69568238d801850f856b238142e72ccd0	bfe2f805ec2e3d1f8275c427595f97d6f3e2ee63663bdbfc63588f9f22aa5f88
resources/bmm/RM/DV_DATE.bmm.json	resources/bmm/RM/DV_DATE.bmm.json	unchanged	f047105bf24a212a2910f2e9e50a7c6c354a7f3b	2685a399ff4b463bcb3cf3b10551354344025bce9dcc9491b2ca7438cf6d8f83
resources/bmm/RM/DV_DATE_TIME.bmm.json	resources/bmm/RM/DV_DATE_TIME.bmm.json	unchanged	2955b17a84cc94b16d4611cf050e63a35b20226c	225a0840b2dc98e0a6ec6bf9455b525f1d74ec41e67a8e0a619cfbe4c1f136ae
resources/bmm/RM/DV_DURATION.bmm.json	resources/bmm/RM/DV_DURATION.bmm.json	unchanged	18c776cba1961cb5dcf490492df715455bbf6332	baff4dfaf2a60692c2039b8423bdb379f60cd206fe445db03e3e5e72082abd66
resources/bmm/RM/DV_EHR_URI.bmm.json	resources/bmm/RM/DV_EHR_URI.bmm.json	unchanged	cbce56489638f046f38069962843082aa3f62e7c	a65bc1a4285247796be030ccebf2bf0d2b8c9dd8000e4f90030a95a58630f6c8
resources/bmm/RM/DV_ENCAPSULATED.bmm.json	resources/bmm/RM/DV_ENCAPSULATED.bmm.json	unchanged	12a5d007ac4401cc70aac0d40226edf4830e600f	9b6712ff52bbbcbc6d2f3d6cf4ca5f6743308c247d58f2bd59f76f13e7b523e5
resources/bmm/RM/DV_GENERAL_TIME_SPECIFICATION.bmm.json	resources/bmm/RM/DV_GENERAL_TIME_SPECIFICATION.bmm.json	unchanged	2e0d78e0c7ebfc2797bfe0a5d0fd4d7ddbb5fcd7	943510202b108be2ee5f25eb3c63e109c48355e8370fd7bfdccba8b831028ebc
resources/bmm/RM/DV_IDENTIFIER.bmm.json	resources/bmm/RM/DV_IDENTIFIER.bmm.json	unchanged	485d73f0b22eaf4df951208f6667f20ace421e4e	b0892e819579311fbb66cc5e4c3ee987156283663e6017d69ea81440f1eea2f4
resources/bmm/RM/DV_INTERVAL.bmm.json	resources/bmm/RM/DV_INTERVAL.bmm.json	unchanged	cfc67af1562ade539190aa77bb1143ebd1541766	7d528929fde4c7c2237ea2be2c3819dad8697a9493c2c3fa5c69337855a63b11
resources/bmm/RM/DV_MULTIMEDIA.bmm.json	resources/bmm/RM/DV_MULTIMEDIA.bmm.json	unchanged	32a2b4ed190d9f0ae1eb98705b013244cc0c4b40	972bd6671fa1d161b56279b7e9f6668610fd371463117ee8e558a7510a3bb980
resources/bmm/RM/DV_ORDERED.bmm.json	resources/bmm/RM/DV_ORDERED.bmm.json	unchanged	a53f2876c81c618adb6758b47d407504cf5547e4	100dc1e682518df5f1a43d10948ac842ec35df6b1e47ad60bcbbc19d69763756
resources/bmm/RM/DV_ORDINAL.bmm.json	resources/bmm/RM/DV_ORDINAL.bmm.json	unchanged	a5a7655fbe20917035e8b54e5e96ce4005248849	a6698624dd2946d047c11544dbf3a314fcef8f5531b877052412a5818962d216
resources/bmm/RM/DV_PARAGRAPH.bmm.json	resources/bmm/RM/DV_PARAGRAPH.bmm.json	unchanged	ffbc7ab5a461c8b60bb2ebcd382e5effe98a3fcd	0e7802c20d8d9a13107537ef3693362d3807061bdc7f8c890af1b3d532dc03ca
resources/bmm/RM/DV_PARSABLE.bmm.json	resources/bmm/RM/DV_PARSABLE.bmm.json	unchanged	c1fc6b17be5e88009cd7f9d2c94f180dfb124b7c	f574dcbbe2b13aed96ec35e9b8fa80dfd5acb4231c41edd9b80206e7b8e99cfe
resources/bmm/RM/DV_PERIODIC_TIME_SPECIFICATION.bmm.json	resources/bmm/RM/DV_PERIODIC_TIME_SPECIFICATION.bmm.json	unchanged	9cc065f4a2a9d439c38dc59210a6f035d08c61be	09655beb75b530659c92863e11ffeb0631a36ff388d03d5ae62afe4a513c27c8
resources/bmm/RM/DV_PROPORTION.bmm.json	resources/bmm/RM/DV_PROPORTION.bmm.json	unchanged	9a2e659bdba714c39e81cff9b44c9c75a8258ad6	735456ee47f0623dc3c6423a715fffd7541ac3ce1c36861f5c817f4892e03c0c
resources/bmm/RM/DV_QUANTIFIED.bmm.json	resources/bmm/RM/DV_QUANTIFIED.bmm.json	unchanged	38d62ef806a9aba7aa4f77cfceb5900c3ad1602b	e0f1f4ec8717a9fa6b4d1716ec37efcf079ab9805f2fbdfd52e1146fc2927110
resources/bmm/RM/DV_QUANTITY.bmm.json	resources/bmm/RM/DV_QUANTITY.bmm.json	unchanged	e75ce0f1604522a3907a821ba102bcdcc4e9c96a	6e25ce804156c1620929736f43a42712026210804f352a34ddd4d3188db5052c
resources/bmm/RM/DV_SCALE.bmm.json	resources/bmm/RM/DV_SCALE.bmm.json	unchanged	a1bd00d4c558d222ca29882f61fe75094f23ddb7	290ee94d81db32f78bc87e104f523296ea5a7178c317f8303320d324c8ef0e4b
resources/bmm/RM/DV_STATE.bmm.json	resources/bmm/RM/DV_STATE.bmm.json	unchanged	f32049169619384be57089dda427fadee9706def	78fc6af5f4093897f8bc096b591f6677efe34f2ac731742e609fa1cedecde13b
resources/bmm/RM/DV_TEMPORAL.bmm.json	resources/bmm/RM/DV_TEMPORAL.bmm.json	unchanged	1189bb3938fdb49ff642de87e5bdb8c215811e18	6ccaaea401faa2f15d5ff2be476be09f856fc0a9e1bf356234daa161447ad8e1
resources/bmm/RM/DV_TEXT.bmm.json	resources/bmm/RM/DV_TEXT.bmm.json	unchanged	36ef228372e3d9bfa1d5fd8154fed070924b0ef7	9b5933a916d737bcc93c62901085d46a767a7841955ad4b583a262ba186322cd
resources/bmm/RM/DV_TIME.bmm.json	resources/bmm/RM/DV_TIME.bmm.json	unchanged	12a0146cd79a0908c04d2cda4934ff87f3eecc4b	902c8612d27b6d5a91269552a58108ab8ff3d586bd52f2ec538275d737d29ce8
resources/bmm/RM/DV_TIME_SPECIFICATION.bmm.json	resources/bmm/RM/DV_TIME_SPECIFICATION.bmm.json	unchanged	adfc13bc11926030fdd872f568c17fbb5c7eb510	61606ff54070b3c3288a9bd99d67ed80c3a21999854a7805e60a52c472a5472a
resources/bmm/RM/DV_URI.bmm.json	resources/bmm/RM/DV_URI.bmm.json	unchanged	b93657af93cfb8606759bf96377df015cb18a9ae	f7834a58e43a10627a982b92b8c52bfc0adaf6e05f2f0d50e75ef5327f72f097
resources/bmm/RM/EHR.bmm.json	resources/bmm/RM/EHR.bmm.json	unchanged	61d3206055afc69a8d52554311fcf3741ac85863	00cbb1713cba19103780755561e9762ce96394542cca6c0a9a8a30d3118b00d3
resources/bmm/RM/EHR_ACCESS.bmm.json	resources/bmm/RM/EHR_ACCESS.bmm.json	unchanged	2d9b6e599b2d65e5d212b0884c7e809378af1d35	0047e38ed878df5114ba8295d30af5f02dc187f148ecb4394a58fca843d9abc6
resources/bmm/RM/EHR_STATUS.bmm.json	resources/bmm/RM/EHR_STATUS.bmm.json	unchanged	0b0808398c88393311ed90c563537d1ec122f668	f7612ef4e632ec24ee2acc426274a6bc2d2ff0d8ad9c550d66d70878622bb185
resources/bmm/RM/ELEMENT.bmm.json	resources/bmm/RM/ELEMENT.bmm.json	unchanged	e16f735ccdabdc9768c0bea6f9ffc8905feeda12	b69a740bb15db6389a0f82ba4799bc868e1368edf3796cdb424caeb94d99c7fa
resources/bmm/RM/ENTRY.bmm.json	resources/bmm/RM/ENTRY.bmm.json	unchanged	e7ff395bd3dba902f4385f041acf19b7d5848268	81cb5313fa54683570ef801a697cf797535fa127fa05a66925a2380c67a3488b
resources/bmm/RM/EVALUATION.bmm.json	resources/bmm/RM/EVALUATION.bmm.json	unchanged	e7185a3a40c5a49709cfa6ceee8138a4e75b0613	23e2d4e9af84f74ea1160f4fb8ab62f4b37ee6094efd9621c9b89e9c1aeea9c0
resources/bmm/RM/EVENT.bmm.json	resources/bmm/RM/EVENT.bmm.json	unchanged	8fa8e9ef0b2b4d5ff3d923ec368525a9a0684b4f	913dd8a9746cccdd267934251f9820bda74cb54a1a84e24ecfeea8bf9bd9eaf3
resources/bmm/RM/EVENT_CONTEXT.bmm.json	resources/bmm/RM/EVENT_CONTEXT.bmm.json	unchanged	40e0680a96c9c7701ad2e641da2fce3e3a23de22	6e5c8e0b143cee6f88359876862c01ea5d369a109f6d9d124ba21a6fdb65d2bc
resources/bmm/RM/EXTERNAL_ENVIRONMENT_ACCESS.bmm.json	resources/bmm/RM/EXTERNAL_ENVIRONMENT_ACCESS.bmm.json	unchanged	0b96b18fb26cb7d34e386194c94cb3e00acec1fa	eff71880766a706f957cd8ad495d3c288f2ff01cea7826fadb6c8992a522e552
resources/bmm/RM/EXTRACT.bmm.json	resources/bmm/RM/EXTRACT.bmm.json	unchanged	54f2172e7ad6425ce0cd24109c3f07e822cd13a8	96ea845320c256d850459edc2dc3979f21bcd9eac901356a58132f471bb717d2
resources/bmm/RM/EXTRACT_ACTION_REQUEST.bmm.json	resources/bmm/RM/EXTRACT_ACTION_REQUEST.bmm.json	unchanged	2bae3f3a96d8298e881372efb1ff1afd0617c876	359e9f626100f1602eb7d8d664dae7a318188f66824f8a8c497a3703f8d33751
resources/bmm/RM/EXTRACT_CHAPTER.bmm.json	resources/bmm/RM/EXTRACT_CHAPTER.bmm.json	unchanged	ac21efec246ef803dff0f8f02cd22c0aa5c9987e	93f3fbf9b26756c8a3efa5c83c925c64fb6c9e145d2d93f9f22dfef398c02b50
resources/bmm/RM/EXTRACT_CONTENT_ITEM.bmm.json	resources/bmm/RM/EXTRACT_CONTENT_ITEM.bmm.json	unchanged	2af6e9933f33688a7853cbb802201c67927c991d	a6988213328a928da65837fddbdc9eb25329f9b8e4e4cd9e74fe9e7c6bd680e6
resources/bmm/RM/EXTRACT_ENTITY_CHAPTER.bmm.json	resources/bmm/RM/EXTRACT_ENTITY_CHAPTER.bmm.json	unchanged	9012d4471f9a2c62df94fc5bb848cc8e32858dec	afda6a16a381b524c4028faa76867dd3dbb39dfbfcdf6d3a9467a07f208cd357
resources/bmm/RM/EXTRACT_ENTITY_MANIFEST.bmm.json	resources/bmm/RM/EXTRACT_ENTITY_MANIFEST.bmm.json	unchanged	f95e93a9780ba7b77bd275c0ac9fb2bdf0d44b1b	dd2317f324f61a4ad08c510c5034be250465abd03b954cb4ba7553fcecdc8800
resources/bmm/RM/EXTRACT_ERROR.bmm.json	resources/bmm/RM/EXTRACT_ERROR.bmm.json	unchanged	c89adf552e2e0ba46b66d7e97c5159eb21bc4712	3ff30e128c01c4d0e1d1eb3002f7a5e623e2957f5d402eccc917da026cf72b58
resources/bmm/RM/EXTRACT_FOLDER.bmm.json	resources/bmm/RM/EXTRACT_FOLDER.bmm.json	unchanged	a3865041e6d47f094f49e21d5b5012458e76fad5	c1238f173d2964c1d67bfdf4a3ce891e96e4adcf96eca3c8978dd2d6e017b114
resources/bmm/RM/EXTRACT_ITEM.bmm.json	resources/bmm/RM/EXTRACT_ITEM.bmm.json	unchanged	d6d19c0f8b5f70f7908f1a54859018c87bbbf99f	2203266e7bf34ca8b87acf94611555c127494b804dfdb1ee13accf636643c8ee
resources/bmm/RM/EXTRACT_MANIFEST.bmm.json	resources/bmm/RM/EXTRACT_MANIFEST.bmm.json	unchanged	f06465f61cb7efb9f6b4b9936d08d29d2bd20b85	a9b351ac2f1487e40a395d443181dd64dd23b7a14423fd09a8155c826c210578
resources/bmm/RM/EXTRACT_PARTICIPATION.bmm.json	resources/bmm/RM/EXTRACT_PARTICIPATION.bmm.json	unchanged	514079bf0143fc433f4c29a95ae7041c68564771	8a62de53da700c17ddca349feda1d370f4c3f8808ef578b24e7a0e3faf30d78b
resources/bmm/RM/EXTRACT_REQUEST.bmm.json	resources/bmm/RM/EXTRACT_REQUEST.bmm.json	unchanged	08a6a36081bff77d6e40d0cddd2b5288a4a7dee3	1eadb43d5d33de9649658e57f142457e0145ac782b0719b4ece37046a33b8632
resources/bmm/RM/EXTRACT_SPEC.bmm.json	resources/bmm/RM/EXTRACT_SPEC.bmm.json	unchanged	1fd99eb48fd384d9290908eaa3e91a16f24dc838	63bf668c3f186499cdc4a96a7a6c921367f5a613439e3f0d3745a99067559cd6
resources/bmm/RM/EXTRACT_UPDATE_SPEC.bmm.json	resources/bmm/RM/EXTRACT_UPDATE_SPEC.bmm.json	unchanged	09fc18bb40353502880112e2e38a583d9777f1e5	8f5688a92d86e49cc56304c7c83034d862aa6f6c60b073785b11e9e3a00b89eb
resources/bmm/RM/EXTRACT_VERSION_SPEC.bmm.json	resources/bmm/RM/EXTRACT_VERSION_SPEC.bmm.json	unchanged	668e38e0daff97e4d11ff77a1d0aef9578ee571b	42f6f9937abda22cdc579a5a8d7480f0b3d5d57f111cbc7564d29335f136ca7d
resources/bmm/RM/FEEDER_AUDIT.bmm.json	resources/bmm/RM/FEEDER_AUDIT.bmm.json	unchanged	f23a6e8946101bdeea550766a891167e99934175	7efb7250a8c49a3eddfa7ce3512548efd0b4bd4f9e4bc068ed48876394c94f49
resources/bmm/RM/FEEDER_AUDIT_DETAILS.bmm.json	resources/bmm/RM/FEEDER_AUDIT_DETAILS.bmm.json	unchanged	914dc40452c2144b94c105f729dbab8e57ad70e3	febbfe8059a99269a4e218672c4118563bf4970cf3d269b9737368de96d871cc
resources/bmm/RM/FOLDER.bmm.json	resources/bmm/RM/FOLDER.bmm.json	unchanged	d6b77cf3354af4a877929542a7855f68e691abdd	d4405850ff08ae2ad1a4023b5fa3cf2549be828c2d6fd3a09d7677b7d87c1fc3
resources/bmm/RM/GENERIC_CONTENT_ITEM.bmm.json	resources/bmm/RM/GENERIC_CONTENT_ITEM.bmm.json	unchanged	6a807ef2fd7c51f292d9a0c8eeb65290a9cb9b7c	fca490a1ff9134699211b2c658eb52468cfc37ea5e1c7c83f85bad5fb2b9933e
resources/bmm/RM/GENERIC_ENTRY.bmm.json	resources/bmm/RM/GENERIC_ENTRY.bmm.json	unchanged	c120c1a9bdbf35343efd028b2a91f2bc54bb9e8e	dbd1331bad9a8182b1bc6e5478ce1fd3aa6bbd9439580688c4ac0222dd8625b0
resources/bmm/RM/GROUP.bmm.json	resources/bmm/RM/GROUP.bmm.json	unchanged	603cd33af3792c7602ef3032505c1d71db09de43	3d6b42ad0824cc8451fbdf4ecda046d1b896861b26df64b68198b1bcf2fb788f
resources/bmm/RM/HISTORY.bmm.json	resources/bmm/RM/HISTORY.bmm.json	unchanged	9caf3528a0ef1ce96e7bcd3ba7cb00bad80cbf86	00e3b163cc05a62570f87e3c9c62d3404170c8d4d37ef95dd7b87159856f417c
resources/bmm/RM/IMPORTED_VERSION.bmm.json	resources/bmm/RM/IMPORTED_VERSION.bmm.json	unchanged	094054cb3b8c62eee7220547d874c5d10d88c6f9	3a0155bc6fb461438bb610d292d98a91cc6f8c25ce7f362490bab7667d891e65
resources/bmm/RM/INSTRUCTION.bmm.json	resources/bmm/RM/INSTRUCTION.bmm.json	unchanged	23cd6b1934c3d299800491120f3dab6f4e4cd316	8527362a51cc66398b4741cc9ce187c423e31bbde7b9f4d87413e36312c533be
resources/bmm/RM/INSTRUCTION_DETAILS.bmm.json	resources/bmm/RM/INSTRUCTION_DETAILS.bmm.json	unchanged	4e54f68f16d30f4a4ac9751c60cc51dc896305c9	e0f0dea998dd0b1a5e7bec1d41feec4c04e6f20a9577dc1ce4cafcfee7201e60
resources/bmm/RM/INTERVAL_EVENT.bmm.json	resources/bmm/RM/INTERVAL_EVENT.bmm.json	unchanged	6bcd98802542c79dd70ca2c874773c029d8ffb99	0eff65812a2c468443d8a9fc7bbcd8c4d4810b0f7c86c703e17c7390f661b6b1
resources/bmm/RM/ISM_TRANSITION.bmm.json	resources/bmm/RM/ISM_TRANSITION.bmm.json	unchanged	424b02962bf48f7e8d9012c7f7a1fbaef71b948a	b04430fbc667bbafd8aa6d3768a217637ae3885b77c313bc288955aab4edd316
resources/bmm/RM/ITEM.bmm.json	resources/bmm/RM/ITEM.bmm.json	unchanged	b02dc524a1438027bb00fda7ff88f58506be1eac	9c2a2bc6c33d91f5f6aa57537b6e9da43ad8a2a6585f3e675783020cbcb1172f
resources/bmm/RM/ITEM_LIST.bmm.json	resources/bmm/RM/ITEM_LIST.bmm.json	unchanged	1181360c7f597cb11f2f90100fae812701c05492	a4253bcaa2458d277b3cadd65d215d19d0dc17c40833c762071b92ee7f42758b
resources/bmm/RM/ITEM_SINGLE.bmm.json	resources/bmm/RM/ITEM_SINGLE.bmm.json	unchanged	eb3b5cce9b07336bd01d93d487c2607e99115f7e	38f135a2c4fb2822f6b903a3232507f1a31df340f7fd503ab2bb706ebe959f2c
resources/bmm/RM/ITEM_STRUCTURE.bmm.json	resources/bmm/RM/ITEM_STRUCTURE.bmm.json	unchanged	af38aac181f0d93ef5b1df51607a3ab5ac00a2c8	92760f9009ca39222b41f11def5860512b1eb6906f5549c94116dfbb223c717e
resources/bmm/RM/ITEM_TABLE.bmm.json	resources/bmm/RM/ITEM_TABLE.bmm.json	unchanged	ec3e2e76e237f6550b9ebb8ac041e4d27cf1f33c	01e917968c91c59d5c365948f89d5410aecb4002d65184e01bc924fe00358fb8
resources/bmm/RM/ITEM_TAG.bmm.json	resources/bmm/RM/ITEM_TAG.bmm.json	unchanged	aefbe64ee5a7065b6a7e7807edb1917707d0d83b	96ea849026ce70dc0aee803cb2436f7cf1e2c3b03d00e66e7a0bfd11d6f77945
resources/bmm/RM/ITEM_TREE.bmm.json	resources/bmm/RM/ITEM_TREE.bmm.json	unchanged	b9e2c0018e98eb3e5c1cfe24f84894541eb0c231	fae83c8d1d393db866f6917f87fb28bf1f29224d19a56b4c3b51488285b728b8
resources/bmm/RM/LINK.bmm.json	resources/bmm/RM/LINK.bmm.json	unchanged	0336bc96a8d0843c1269bca1de59850d507d5f33	2a233961b75cfc2e53a5e03067c0f5d2d201204a751d5508857c0a3eb506997d
resources/bmm/RM/LOCATABLE.bmm.json	resources/bmm/RM/LOCATABLE.bmm.json	unchanged	827e1d9a836f36455673351f7858b1a632bd0056	fa9b38b4b58b0e544fc6eda43311981d2510efbbc889325fa47bd856bf5a6076
resources/bmm/RM/MEASUREMENT_SERVICE.bmm.json	resources/bmm/RM/MEASUREMENT_SERVICE.bmm.json	unchanged	0f1f9ff43973537068626eb46f9b55b9bbc56b1f	44f99063b9d2e18149b244d447273f6a2ab789c3b6092f88ebfbb26f17c87be5
resources/bmm/RM/MESSAGE.bmm.json	resources/bmm/RM/MESSAGE.bmm.json	unchanged	2d1530dfa34acbfc58bcd29ec5addb7054dc0d57	1dde64a26b5cbc62d9c04a663be2a196afd7085d4e86d14d749b88a2072fe089
resources/bmm/RM/MESSAGE_CONTENT.bmm.json	resources/bmm/RM/MESSAGE_CONTENT.bmm.json	unchanged	9b90d072148b24377d82419c1c7d30695169507a	3874d15cccea81c3d12a39bfc71016663bea0ad71e4dceb429e364a6349f298b
resources/bmm/RM/OBSERVATION.bmm.json	resources/bmm/RM/OBSERVATION.bmm.json	unchanged	4dd9c292e05666b2845e5ee53db85b12f0969fed	c336cfa23f903799e768425c600c6ab368b2b1799e6d4ea99d23bd06666dea20
resources/bmm/RM/OPENEHR_CODE_SET_IDENTIFIERS.bmm.json	resources/bmm/RM/OPENEHR_CODE_SET_IDENTIFIERS.bmm.json	unchanged	bbc282578ae4b36e8f061214b9523efa7b95b7cf	c736fec832d512d8ddcabd4626c6626f5f8b605d51ab7f053faecb4a25cfd062
resources/bmm/RM/OPENEHR_CONTENT_ITEM.bmm.json	resources/bmm/RM/OPENEHR_CONTENT_ITEM.bmm.json	unchanged	7ca2c57b7f8c6ac92bbec0c7cd1eb480613a129c	4161ea29a9dfd659f0b02ba4b36a13f29c917c93d23c96bb01ce249b6fb9cf72
resources/bmm/RM/OPENEHR_TERMINOLOGY_GROUP_IDENTIFIERS.bmm.json	resources/bmm/RM/OPENEHR_TERMINOLOGY_GROUP_IDENTIFIERS.bmm.json	unchanged	2a686045c269a2c7612989c00798c7e495a87481	a18c064a659dd554e623bc32c6fa25fc413bed5a90cb3781f0d777e15e3467a8
resources/bmm/RM/ORGANISATION.bmm.json	resources/bmm/RM/ORGANISATION.bmm.json	unchanged	cae4b63f7f5faa60eed53a3a7b320a9269b0393d	480a1b48bfcc48843858d8d1bbf8a388987b4ce3355cb1c3db8afadba27bf311
resources/bmm/RM/ORIGINAL_VERSION.bmm.json	resources/bmm/RM/ORIGINAL_VERSION.bmm.json	unchanged	3dd337e9aab1ddf3f8c62c3734e48b27aeb78f3a	12fe83b9f532fbc6a91d97fa7a4d28ee0fc7dcb0af40aaccd8d21f2320601ec5
resources/bmm/RM/PARTICIPATION.bmm.json	resources/bmm/RM/PARTICIPATION.bmm.json	unchanged	96565829d7668e5c7800dd7eec4cb2f6a35120df	b71a67881560d91e210e514f1512227cf40f6a7785f2332d5ac6997c88ed55a1
resources/bmm/RM/PARTY.bmm.json	resources/bmm/RM/PARTY.bmm.json	unchanged	1b46ae530f89e5478bc50168ecf4c4b24d8a94e2	bc3fb9ac454b7c148da64c4766468c69211f7f72e42ea7715c74972179d42bf5
resources/bmm/RM/PARTY_IDENTIFIED.bmm.json	resources/bmm/RM/PARTY_IDENTIFIED.bmm.json	unchanged	169836107c85da864022af4d043f884c3f0554a4	7bb91de49cbf09fc8186fb0ec67ae8b86a30fc52445be63eb7f61cd4d081465a
resources/bmm/RM/PARTY_IDENTITY.bmm.json	resources/bmm/RM/PARTY_IDENTITY.bmm.json	unchanged	6539e2607a07de57241b5a3c05b2e9f9857af77b	c7c979cca59b9d4f29b91b6dcd0c7f635c7fec4bb414686477fe3c8ce9b5cc3e
resources/bmm/RM/PARTY_PROXY.bmm.json	resources/bmm/RM/PARTY_PROXY.bmm.json	unchanged	664c7060adca3ab2e9711a1ad11e1a33d42b135e	295b7073667489c61a58696355982b5f656c39403eab1d45f990d5916ce6423c
resources/bmm/RM/PARTY_RELATED.bmm.json	resources/bmm/RM/PARTY_RELATED.bmm.json	unchanged	4d00b7b69e51ea569a3e561a97ace6340897c0f4	c6319f74cdb39ad21146f7f68f9e3155c133602e63285c06b8f7900f3cf2d44d
resources/bmm/RM/PARTY_RELATIONSHIP.bmm.json	resources/bmm/RM/PARTY_RELATIONSHIP.bmm.json	unchanged	62e00657199d4176ec25be4db4e80db2a5d4b026	5a152953c0070c843ac50ebcc4b1d0ba48906b86b6dfd394f31704a20c5f7bdf
resources/bmm/RM/PARTY_SELF.bmm.json	resources/bmm/RM/PARTY_SELF.bmm.json	unchanged	4ad7f398b4f430670e8187329c737b6ff5f73a03	02c1b5a56406f617e2203cf75323951a323da60279969bc87e8b38f10956a13c
resources/bmm/RM/PATHABLE.bmm.json	resources/bmm/RM/PATHABLE.bmm.json	unchanged	b370297d9dce71a735618a68532e783d09d527f0	456b386d3217c2671e5fd9ba904db7fe7d64222aa20ad3e2a7833b26b091d1d5
resources/bmm/RM/PERSON.bmm.json	resources/bmm/RM/PERSON.bmm.json	unchanged	33d3564e6e3b80c6833b774b216a2211f9db7a5d	7aabdb31bc502db5e17e6b1331008367dc73cc9f39a8935da36c8b6ecc6a8a6e
resources/bmm/RM/POINT_EVENT.bmm.json	resources/bmm/RM/POINT_EVENT.bmm.json	unchanged	b4c05abc7156bdb8f73a184820f5878289d8f61e	229f16a41ad648ae6c2a4d938ff0e4eec0765ef5f17e4513a9a857fb7e39613a
resources/bmm/RM/PROPORTION_KIND.bmm.json	resources/bmm/RM/PROPORTION_KIND.bmm.json	unchanged	a0d796a933808de508759c36b26d76961082e626	a0faece27c44e2a0eb8458ef0f27b641b619d47d9a3f923714be50d72b33350f
resources/bmm/RM/REFERENCE_RANGE.bmm.json	resources/bmm/RM/REFERENCE_RANGE.bmm.json	unchanged	ce89a845d73e16583295bdeff0cb3caaa21e3438	1017b09061d166306dca2d746a9016b96df612ef4b692a734ce740386f1ffc34
resources/bmm/RM/RESOURCE_DESCRIPTION.bmm.json	resources/bmm/RM/RESOURCE_DESCRIPTION.bmm.json	unchanged	ed5971d94d87b90ccfdf65901a3b4425d3cc5cb4	a870bd7d3610715c4deebc776e1178eeac46e8f98dd7f6064de3607c16385e10
resources/bmm/RM/RESOURCE_DESCRIPTION_ITEM.bmm.json	resources/bmm/RM/RESOURCE_DESCRIPTION_ITEM.bmm.json	unchanged	128264c623c64c79abfabcca2ce16dbb306a45ac	5e896468c9b5cb5555d265d892fd61cc66a66d2c67c007de9e8dec055f6c2a03
resources/bmm/RM/REVISION_HISTORY.bmm.json	resources/bmm/RM/REVISION_HISTORY.bmm.json	unchanged	bbfacfe7cfd7b1114ec77fb829a9518db2a50d41	91cab09e967b6db337c53caa218a454f5abd204eb3d27b371786cc42434ad459
resources/bmm/RM/REVISION_HISTORY_ITEM.bmm.json	resources/bmm/RM/REVISION_HISTORY_ITEM.bmm.json	unchanged	aeadeeb9e307721dca6df01811623ae45fdd48c8	918533abe33278f6572ebae00239a171abae5055882cfcad2fd43effefcc8a1d
resources/bmm/RM/ROLE.bmm.json	resources/bmm/RM/ROLE.bmm.json	unchanged	70c72d4f8d08448f25ace7368fa79659345db510	29af9f91eaab81831f493b7eca77bf09d670f5e06f8bf156f2c86bcb379e0038
resources/bmm/RM/SECTION.bmm.json	resources/bmm/RM/SECTION.bmm.json	unchanged	0e542fec5c4ed9521c221abb92dca07a4764a258	e8bc7566e23418eb7dc4956732111779995e4814132995179ac9cc6e3c1e09d3
resources/bmm/RM/SYNC_EXTRACT.bmm.json	resources/bmm/RM/SYNC_EXTRACT.bmm.json	unchanged	3a8f9a9a08c778f4d6ef1894a894bb36c6b29eb2	1d73187a525f900a518f39b139b6dabf89fd5e9bdc4d6f2da3dd1f2648e23e89
resources/bmm/RM/SYNC_EXTRACT_REQUEST.bmm.json	resources/bmm/RM/SYNC_EXTRACT_REQUEST.bmm.json	unchanged	9e564687407a1ec76f792c28128346b51ba01319	6946679ca1d6094651c14ca4729ea8de987cdc2821deb692279a753963c6c157
resources/bmm/RM/SYNC_EXTRACT_SPEC.bmm.json	resources/bmm/RM/SYNC_EXTRACT_SPEC.bmm.json	unchanged	a85ec4a647fb574d2d4b21b972ff595d533867e8	b69c8147d261eb854a37c977cef6b9e8d09ca49ecb12a465115ffe02f8c8d62b
resources/bmm/RM/TERMINOLOGY_ACCESS.bmm.json	resources/bmm/RM/TERMINOLOGY_ACCESS.bmm.json	unchanged	d07dd23fd5c72f30d251c71790ccf272867930b4	4a91622a77b3cd3bcd6f204ac750653269738847995da53733c44b6ef9486fb4
resources/bmm/RM/TERMINOLOGY_SERVICE.bmm.json	resources/bmm/RM/TERMINOLOGY_SERVICE.bmm.json	unchanged	3fa55a6d1d62d69f940010210be4a5e4289574ec	fcd7ae115db271d46be2671b459e2ffc4b2237444bb1dc0b7b544d183591e093
resources/bmm/RM/TERM_MAPPING.bmm.json	resources/bmm/RM/TERM_MAPPING.bmm.json	unchanged	475f0fd32a026a6a6fdc4955798b428bfc814a4d	ce30934ab4018c42e2d49936ab8771a54cd79c7a339c0b2ea89ec29af813779c
resources/bmm/RM/TRANSLATION_DETAILS.bmm.json	resources/bmm/RM/TRANSLATION_DETAILS.bmm.json	unchanged	61e27652a1d3056c359e4e326564e8deb627f187	1292cfa3e84cca8fcfcc3783cb4d68562c9291299f4984f57ed8e72ab57960c6
resources/bmm/RM/VERSION.bmm.json	resources/bmm/RM/VERSION.bmm.json	unchanged	781573040ab2aacbb1213feaf4d684c46b887a01	3f55f28ddc12b0dea48c35542534cf5e7659f9d333c37c7d379377546725028c
resources/bmm/RM/VERSIONED_COMPOSITION.bmm.json	resources/bmm/RM/VERSIONED_COMPOSITION.bmm.json	unchanged	6a9e993697b4169e3aeb4e3dd3a68228bea4d4ec	c07b7805f11af43a4d3de1a31768d2ce7727122d5b9fa57216dbbc3a97ca1c06
resources/bmm/RM/VERSIONED_EHR_ACCESS.bmm.json	resources/bmm/RM/VERSIONED_EHR_ACCESS.bmm.json	unchanged	28a1107548891abdfe786b3f10b1c6c8bcb4bc42	eeb5f62a3a5d4bcc31b60b8d4ff119411625fa848ba91cd8a19310e5e178deb0
resources/bmm/RM/VERSIONED_EHR_STATUS.bmm.json	resources/bmm/RM/VERSIONED_EHR_STATUS.bmm.json	unchanged	dda8293dce0a8b9fb5db9ef8cb273c233525a4d5	a53f169b5bde17188eade3872bd68103dea96825f132b55f09fa485cd2176de2
resources/bmm/RM/VERSIONED_FOLDER.bmm.json	resources/bmm/RM/VERSIONED_FOLDER.bmm.json	unchanged	6e3ffe21b50a794dd2e6ea122c349fb4a0d4b259	9cc11a9dc0f6740b809a6fe2235dc081fe28d138eb32514a6a06dbbc48ccf6c4
resources/bmm/RM/VERSIONED_OBJECT.bmm.json	resources/bmm/RM/VERSIONED_OBJECT.bmm.json	unchanged	4f55a429386541a29ef3d8af613f530872456524	6b2aafb94ce21bf0db27db777cf2e13d851c5bd971d8db4afd1f97e3b9815f00
resources/bmm/RM/VERSIONED_PARTY.bmm.json	resources/bmm/RM/VERSIONED_PARTY.bmm.json	unchanged	935c8974cf1484705e9bc4617327d42f30826983	3707cafe72501863fa92051e2062252b606f94d66240212df54e55a4b1457c13
resources/bmm/RM/X_CONTRIBUTION.bmm.json	resources/bmm/RM/X_CONTRIBUTION.bmm.json	unchanged	b24aab305e0c9a95d0bcde9e8e0c3a86d47a28b3	27f54c27fd2822a1ea85df650f1fb81418b3d9e8253be0100b0ac6e3ff6c1c7b
resources/bmm/RM/X_VERSIONED_COMPOSITION.bmm.json	resources/bmm/RM/X_VERSIONED_COMPOSITION.bmm.json	unchanged	fbf9e4ab14843440d836c31983a48bafecc0c06e	0d81593927e524ad865944c79f86c9b1cdb040b4143516266b15f1161bcc4233
resources/bmm/RM/X_VERSIONED_EHR_ACCESS.bmm.json	resources/bmm/RM/X_VERSIONED_EHR_ACCESS.bmm.json	unchanged	3ee98f06cb9b1f31824e5849b67fb1d1bc479597	8895119845bba7e756e682739c48e496231864ef0a3da1e9a548abd680289fb3
resources/bmm/RM/X_VERSIONED_EHR_STATUS.bmm.json	resources/bmm/RM/X_VERSIONED_EHR_STATUS.bmm.json	unchanged	3144a955c469c226e5a9cf0c7e74afccff966768	361058f9d4f04e73d71b37d1b3dc7d2436bdf843d72cb53b7f4f57d7cb52d6fc
resources/bmm/RM/X_VERSIONED_FOLDER.bmm.json	resources/bmm/RM/X_VERSIONED_FOLDER.bmm.json	unchanged	a8e1dfa081c8860dd049754e92d2e6b391d403df	e60f21d1ebe175916f0422e8bdd55e36f4d92f11a67aefd2e2c5a7e39f99c11a
resources/bmm/RM/X_VERSIONED_OBJECT.bmm.json	resources/bmm/RM/X_VERSIONED_OBJECT.bmm.json	unchanged	2aa50e745f51f72ca4d2fde6571261692522e943	c59a78f237365b818debb94232aa29f3d08bcbaaa20b4c9b0192c6fb39baa9d9
resources/bmm/RM/X_VERSIONED_PARTY.bmm.json	resources/bmm/RM/X_VERSIONED_PARTY.bmm.json	unchanged	625e1e4c18031c920470872c7cc768cb857fa654	d0f14e152bc8a8868ab13cf6160c983a3962358bbaf3d2fcb533c7e56159db26
resources/bmm/TERM/CODE.bmm.json	resources/bmm/TERM/CODE.bmm.json	unchanged	9b8ec26d2cab3be89d9c834a32702e2ee6bc30c2	3e0754b2f0613b7d754e7c4a3cdea8f55384873eccdf7bc18266699e65506c61
resources/bmm/TERM/CODE_SET.bmm.json	resources/bmm/TERM/CODE_SET.bmm.json	unchanged	2ed10e9c8b651363956a10f566a9fff086688c03	6c4bde48179b5aa9105d322eff844fb61125f7a2808136e22a6ed9c6975ae62a
resources/bmm/TERM/TERMINOLOGY.bmm.json	resources/bmm/TERM/TERMINOLOGY.bmm.json	unchanged	7de1e7730bbbdced3ec8986f351e2381cdafa436	c510501fb68da15f2469ae8f00ae465f32d515256fd09309f567e35e3bb24174
resources/bmm/TERM/TERMINOLOGY_CONCEPT.bmm.json	resources/bmm/TERM/TERMINOLOGY_CONCEPT.bmm.json	unchanged	b4d79d55d3d113b2ae2bb968dfcbab64987a45e2	b0cb96b4fd6f69e691c94bb00be48002e38e45182ea6dcc2c1c2263fb353828d
resources/bmm/TERM/TERMINOLOGY_GROUP.bmm.json	resources/bmm/TERM/TERMINOLOGY_GROUP.bmm.json	unchanged	4ef9b998021d40d8d38c806adc21e4fe66934f8f	0c3f8b9dfcbe89fe7de40adb321be62048e94519fc9ef08f3ab10f96b232d90e
resources/bmm/TERM/TERMINOLOGY_STATUS.bmm.json	resources/bmm/TERM/TERMINOLOGY_STATUS.bmm.json	unchanged	4eacd5bb7a1a35c86c8f634c2a9f5234bd49bc3d	b48bbc4642aa1da0b68a053aaf58b790baef6c248446d0ad5c58dcde206c499f
resources/examples/aql/blood_pressure_in_time_window.md	resources/examples/aql/blood_pressure_in_time_window.md	unchanged	6adb9260a682b3ff05adbbe9aee6356279a9212e	6e5499a23a1dce0f156e1d37f2cf77b797925bbca50ab0e86605010a919c99f2
resources/examples/aql/cohort_ehrs_with_diagnosis.md	resources/examples/aql/cohort_ehrs_with_diagnosis.md	unchanged	77c037f151d5095a6b779511970700dfbca59f97	a0dfd8127fb5975e23961d8e901cb878c52edfe2e9fe08e92ec9159e50dfd6e6
resources/examples/aql/compositions_modified_in_window_with_committer.md	resources/examples/aql/compositions_modified_in_window_with_committer.md	unchanged	be973572351a73af60ef417606b3781906b7450d	ad204f72861a5d04681ded9294982a5ebb65d66beab78ef48040843bbb51ee4c
resources/examples/aql/count_compositions_by_template.md	resources/examples/aql/count_compositions_by_template.md	unchanged	3738febe0b9611d6b8a1e798449df784e50706aa	ac5116274cddba826176bc05963e289d9679372a3ba4142a48e2077f7b17397d
resources/examples/aql/cross_composition_join_via_ehr.md	resources/examples/aql/cross_composition_join_via_ehr.md	unchanged	88cb801ae32f9c5b46a0c1fe790923d0e38dcc7a	b21adbfbe7a85c777c8b36f76018aece7647b6fd5a6f3e533f87d6e1666ddc23
resources/examples/aql/exists_active_medication_order.md	resources/examples/aql/exists_active_medication_order.md	unchanged	48da9da84b4ff3f10f2b79e709b205bf2794bc71	8a9bfaa4d05a88350ba3e4e4fbc22ffdc96ceb55f8b1bb89478e307a4e3fc4e1
resources/examples/aql/latest_blood_pressure_per_ehr.md	resources/examples/aql/latest_blood_pressure_per_ehr.md	unchanged	ff1c6848bcbe7036f19ae8dec838457fb7bbf311	75f57b54c9fc4c1e2739981c84c2f8ad9762e3b5e40ffe5c04cbaf6b32d1a03b
resources/examples/aql/matches_terminology_valueset.md	resources/examples/aql/matches_terminology_valueset.md	unchanged	a981a96635ab09595cded2a9f9a2ddde41ff1f3d	3abefc99d724da816afd6d654be1248b32ad75a7caba16174d34b6dddd39dca6
resources/examples/aql/multi_observation_vital_signs.md	resources/examples/aql/multi_observation_vital_signs.md	unchanged	85c340c686fb76f3eb0483eb93cf1cbbc1fd12c7	867df537cd420d2edb8143e48ca976a5b5199b1e1e5ee1f833b21cdd4bf713ef
resources/examples/aql/paginate_with_total_count.md	resources/examples/aql/paginate_with_total_count.md	unchanged	aacf97bed1196f3e6742f642192175e66eec3c59	5d5849e7c2e7e430e407afc58e9c86fff93f52c5d5c0ce098acfa8d21add0d8d
resources/examples/aql/problem_diagnoses_with_severity.md	resources/examples/aql/problem_diagnoses_with_severity.md	unchanged	bdd481d9a315c22d32ca9150cd739069032f43bf	096c5f4f5f4b8af5b0f27ad418dd44795d152b5e85a89889ae820a93f7715232
resources/examples/aql/respect_persistent_composition.md	resources/examples/aql/respect_persistent_composition.md	unchanged	366b74ae358f3e907b3e457c49275eb9ef8de652	6ea120e77e5c30002ca849acd1801a72111ec8a4ca90d2a6dcced6200090a013
resources/examples/archetypes/openEHR-EHR-ACTION.procedure.v1.adl	resources/examples/archetypes/openEHR-EHR-ACTION.procedure.v1.adl	unchanged	a11f51bb3fda1d7e7b85aa350f4bf0f9abcd77ee	cf05de1b5db351fa40eb40d2723a2059a41649cfabad8538a84050a41d250919
resources/examples/archetypes/openEHR-EHR-ADMIN_ENTRY.translation_requirements.v1.adl	resources/examples/archetypes/openEHR-EHR-ADMIN_ENTRY.translation_requirements.v1.adl	unchanged	6b1e502e298de46fdc34e35d9e50bf8c8eb90b69	44dd7d844c171d673c431f914456f1934cf00909d7585fdb27748eb32b2d4f2e
resources/examples/archetypes/openEHR-EHR-CLUSTER.anatomical_location.v1.adl	resources/examples/archetypes/openEHR-EHR-CLUSTER.anatomical_location.v1.adl	unchanged	d1e7fa47142bf7c9e950324492a3c9af9e880316	56847763e5b7510d5013702c8e46337d67e69b66e6575a92de0e843b1020bb19
resources/examples/archetypes/openEHR-EHR-COMPOSITION.encounter.v1.adl	resources/examples/archetypes/openEHR-EHR-COMPOSITION.encounter.v1.adl	unchanged	dace638075dd0de34a506ba47249dfe1c6969ee9	167e7748fe36f5cd3c15ef66588f85cfbf3154d6560975d49335cb4e5c13b05e
resources/examples/archetypes/openEHR-EHR-EVALUATION.problem_diagnosis.v1.adl	resources/examples/archetypes/openEHR-EHR-EVALUATION.problem_diagnosis.v1.adl	unchanged	920eeb84a448bd40fb90da534e0304108f84fdcf	4c1a0597ca7569fb466fef28ff1fb1555ccc9a0f81e379997466805e4b40b276
resources/examples/archetypes/openEHR-EHR-INSTRUCTION.medication_order.v3.adl	resources/examples/archetypes/openEHR-EHR-INSTRUCTION.medication_order.v3.adl	unchanged	09948369f9062c0b2fb5ac03299f567b941e19fd	b6670c197a1c459230b86f7a8b85e7d0f101fbc947327338f571795a8564e67f
resources/examples/archetypes/openEHR-EHR-OBSERVATION.blood_pressure.v2.adl	resources/examples/archetypes/openEHR-EHR-OBSERVATION.blood_pressure.v2.adl	unchanged	e98633b24f6d14c9615c70a9442ffda37816a91f	6c6f8c8c37e275d1f68376ab2c654c8fc6fd55b5a14e63b4b3c22ea790847103
resources/examples/flat/coded_text_with_other_free_text.md	resources/examples/flat/coded_text_with_other_free_text.md	unchanged	d33a61e23861d4711d2ba5f2d960bffbadc72f49	f1258e4c752ed8e709016bd90116030da6af4d325d8051b276ea3df888135e47
resources/examples/flat/encounter_with_rm_attributes.md	resources/examples/flat/encounter_with_rm_attributes.md	unchanged	04b8d77504fd667b5a7f0ebc5827b95d8eba06e5	1231709a1d132d75018a05f14c71e4156834d8828fd9680554ecc4bb00adb1eb
resources/examples/flat/raw_escape_hatch.md	resources/examples/flat/raw_escape_hatch.md	modified-or-mixed	0bbf0478e16c9b165c9c24d4bdd3c073d34b08ef	4395eab1f2ee4e7914182c8f0afa59156809dbc235f2b24d8973c399666831fe
resources/examples/flat/vital_signs_blood_pressure.md	resources/examples/flat/vital_signs_blood_pressure.md	unchanged	95f6a52a57bd5f8e66d5eab5c6723db71d21cab7	ce7768204543710ad215a69c631c90c7e306aac06d22c7fe7a6b7a9f18bb80e0
resources/examples/structured/vital_signs_blood_pressure.md	resources/examples/structured/vital_signs_blood_pressure.md	unchanged	daa2796b1337cafc871035e3fd129b9fa5facfbe	89b5a4d27c1d279d021c53e68078a6b0c57386942d2d60d5bee32498d89c9f7f
resources/guides/aql/checklist.md	resources/guides/aql/checklist.md	unchanged	ca0b263308851b4f0abc1cfb8851d806e54988fe	1bb8628eee446cd719f8e9446cd851265871d03079e8db41afe452186fb2be0c
resources/guides/aql/idioms-cheatsheet.md	resources/guides/aql/idioms-cheatsheet.md	unchanged	0448cc2087b09c593ee287233395ef795d43eaa8	69bc7802500332e4556e25ef6412ed437467d186a5040e0328a2538fe504282c
resources/guides/aql/principles.md	resources/guides/aql/principles.md	unchanged	ebf23d40a96be51d0993ee182ebf4063eec82300	dcd8f6c8a67895ed79721e3fba153795aa64af3628556b70517c2442ca5b5f95
resources/guides/aql/syntax.md	resources/guides/aql/syntax.md	unchanged	95bf2c14be347a2c91aeb9070e941fc16b03ab96	73e86feb51284ddc378e1e890f1cf775b0856a617d85bb8814a99e2e97cc2126
resources/guides/archetypes/adl-idioms-cheatsheet.md	resources/guides/archetypes/adl-idioms-cheatsheet.md	unchanged	112fdc1008a52ea9c2bc2cca5755f0aacd2a8197	f51f9178654d45432added95cee40a8de7ccb59861ab565f99c7dbb415130ffd
resources/guides/archetypes/adl-syntax.md	resources/guides/archetypes/adl-syntax.md	unchanged	3dd52c7ed1f97aec7776004ff6ec49165a90890a	d0baa74571c70feace97a54a6cb962b9a364958a9d028c0e54606e5127720d5d
resources/guides/archetypes/anti-patterns.md	resources/guides/archetypes/anti-patterns.md	unchanged	fe1c938db45fcabc0d1751ba5840314371c0948b	8e2016eeb73c9a96b6d46e1cbd5a3b33aedb0dd6aada93f62802875a77255f89
resources/guides/archetypes/checklist.md	resources/guides/archetypes/checklist.md	unchanged	312555cb6443824b915c1121f4b6d363ab97e363	ba5d2a1612b00ed615bdfa487f1c6aa596896714c408ef91d17f93b2280a803f
resources/guides/archetypes/language-standards-nb.md	resources/guides/archetypes/language-standards-nb.md	unchanged	12de2c8a76ae0c8adcd68a6ac5f7782bf4abf73b	ba62aa80d600600e2980608773f2a7ef30c23cbf2a895e587a117d4b567f5665
resources/guides/archetypes/language-standards-nl.md	resources/guides/archetypes/language-standards-nl.md	unchanged	ba31afccba6b3e51cc0973c624073233e989bca5	d1bc33534d1bfb1b6049a3172623c629ece16d6f5c1bffad35618e73ccfc06c5
resources/guides/archetypes/language-standards.md	resources/guides/archetypes/language-standards.md	unchanged	730302ed92af4b00f2c31d3002a120a4476883f5	30c72a657a4ef774acbb819f4e76e7ff0e9d31e584088f5e1bd6bf279a263c30
resources/guides/archetypes/principles.md	resources/guides/archetypes/principles.md	unchanged	c5786275f421d5df5fe45ccc63f80cb73651d392	2d141d8e208be5ca8b0c2b3924c8e89f77db03654a887639c4e318ee3f1560cd
resources/guides/archetypes/reference-formatting.md	resources/guides/archetypes/reference-formatting.md	unchanged	639a9f19cabbb48404fb21ed5b4394b8fb6f63c0	e50cfde19bbb61a8adff7c5718c342aec324654328da698575cb46c780adef83
resources/guides/archetypes/rules.md	resources/guides/archetypes/rules.md	unchanged	4c06000a442d45fe8f9d81597d487e10281b10cb	6440f64315c3733c95b35ed450186c20e4f415ab68a89e776e6120b3ba4a12c2
resources/guides/archetypes/structural-constraints.md	resources/guides/archetypes/structural-constraints.md	unchanged	e352da530a51c0b1366b1a3585cf1c5db5f51ec1	d2a1cdbb455df0b49ebcf1406e4a30115abc3ba2c917832182676bf231910a6c
resources/guides/archetypes/terminology.md	resources/guides/archetypes/terminology.md	unchanged	277dc140d43a188555779a23b3cd5dea726c0dfc	e99cc32731282da24879e48c19764f96a8f83b3f0f6059f35dadfb94deddcea5
resources/guides/howto/spec-lookup.md	resources/guides/howto/spec-lookup.md	unchanged	2cf6c1183f56a80bb38a30c4ab2a1c3538942a5f	08740ee6bad042ac63a795784ce4568e48671f15ed4acca875727bf490293ba0
resources/guides/simplified_formats/checklist.md	resources/guides/simplified_formats/checklist.md	unchanged	0df725bfc92aaf0dd91e7a0f4b32f666f7013b72	2994533f2b31ee723e4d1ab09c6fc5cf407f4b3d9e38011549000403785805d7
resources/guides/simplified_formats/idioms-cheatsheet.md	resources/guides/simplified_formats/idioms-cheatsheet.md	unchanged	b3a6bc29edf02ccc016ee7d845501e33309ae975	8bb7c64294651a297cfb77c8f84231e3db56b4a64542ecdd66910cca5084624b
resources/guides/simplified_formats/principles.md	resources/guides/simplified_formats/principles.md	unchanged	3f411854e74a9292c22576c13613a5165b6c9b89	642cab5366d928be8f9764d08924d5a8538b28801bbb97a4f8c98f1324262d12
resources/guides/simplified_formats/rules.md	resources/guides/simplified_formats/rules.md	unchanged	c0b50d854017e526de760942150eb67e0152207d	876e3aad7d94853394997500dc8498a095ba1acbded269b655cbe66a958fec27
resources/guides/specs/am-ADL1.4.md	resources/guides/specs/am-ADL1.4.md	unchanged	3de8cbb81c220a2b6c24f87bc8efaf043242fedd	3ff4a4db51d14f8bae87261d9c2364461880d00681978a6079ff7c8220a8937d
resources/guides/specs/am-AOM1.4.md	resources/guides/specs/am-AOM1.4.md	unchanged	27b374cb53ff6e9b1a9bec2a5a6f651b89bbd59e	a2ad9377750de5890563eca004772dda3b644ffc6cc2fc352aaf2066e3d17fce
resources/guides/specs/am-Identification.md	resources/guides/specs/am-Identification.md	unchanged	fe4a07ea2ef969c8ea7656b4dcecc90801758872	0584dd216d7dc288b2e4f4b6959fcd772927b20d08ccc6ec573fb0e26aea1ac0
resources/guides/specs/am-Overview.md	resources/guides/specs/am-Overview.md	unchanged	551eecb1f06bd8e70877b75ccf72c3fff32239de	2a1e04343a67fd2b1b2911de6cf5858017dcdfc4ca831baa9fbf6b6ab5c95456
resources/guides/specs/am2-ADL2.md	resources/guides/specs/am2-ADL2.md	unchanged	ea6ac7193389372bd98aa3f02c91c603f7de049a	a1cb88007e5d301116295605cad1b8609bb16be15b184332db7703bc22b2a732
resources/guides/specs/am2-AOM2.md	resources/guides/specs/am2-AOM2.md	unchanged	e20e4af41eed4d6b55753a993060b95fa654ebbb	022b0b54fc39040941338ac05c192a9c84c89a967cd7be9b3033c6cb569acc28
resources/guides/specs/am2-OPT2.md	resources/guides/specs/am2-OPT2.md	unchanged	a29da1bf566c83b0e5821a5ea9db7275e9374d3a	4a2514927a2b07ee63c6f73f16bfa9ecb4956cbecac002becb954a9249a048c3
resources/guides/specs/base-architecture_overview.md	resources/guides/specs/base-architecture_overview.md	unchanged	ee4553be82145cca3ebfa893cf3189ff9f639979	08d2a23ea093f60906ca343c0a77616fcddfe8dceabb9d6f95c8ce19ba4cbff8
resources/guides/specs/base-base_types.md	resources/guides/specs/base-base_types.md	unchanged	4e01f42894c3675f7dd7f33c8a029e6f47a68b3f	45e677a82537ce9e3313defe5ec71e606056a2624ffba5d0e58b50bca1706b7f
resources/guides/specs/base-foundation_types.md	resources/guides/specs/base-foundation_types.md	unchanged	3875ace9aaed0ceea0c7862004a4bda6cafef0ca	ddb1e6651e5b06690835096a0f5ba82aaf0a8058ec547bca1d7435622956cf58
resources/guides/specs/base-resource.md	resources/guides/specs/base-resource.md	unchanged	58a506c23ac00b0ad3e712db37de82453f6eabc7	dc83c6df78040544bb61ec03437300e74c8a6a469f86b7bec05e1e264dd30165
resources/guides/specs/cds-GDL2.md	resources/guides/specs/cds-GDL2.md	unchanged	a1a9c1820b4372fda571ceee5adda5d8fe6fd3fc	fb9ff6ceffb59095e3e3c139e7f820c7bb56bfc79be77859969ff32e0a4a1059
resources/guides/specs/cnf-guide.md	resources/guides/specs/cnf-guide.md	unchanged	0fb948a1989561867814de984637eee7dccc207f	2a706e41594591757f9aab4de8f8d5b82a0f9fa95b5bff719d5c783f1da05728
resources/guides/specs/its-rest-api.md	resources/guides/specs/its-rest-api.md	unchanged	c928ead93fc2117b82f17a509440931024148cc8	7674fbfb4c1ef6888b3d31dba17413356bdeadd6f03f1fe8ff2ff13ebdd7ff20
resources/guides/specs/its-rest-simplified_formats.md	resources/guides/specs/its-rest-simplified_formats.md	unchanged	40f67347fc91fe72a72ccf097a24ef9322d7605f	e3efcd0afca2847345ccdfbd64479833566db698f4dfa81a4ae6375270607f9c
resources/guides/specs/its-rest-smart_app_launch.md	resources/guides/specs/its-rest-smart_app_launch.md	unchanged	4a044eb510a6558e3d3311d2eb57a2142d4526ee	376178532b2128e25113a48742f32a4e1ce0ec0768738a2dfa35f4b561c1378a
resources/guides/specs/lang-BEL.md	resources/guides/specs/lang-BEL.md	unchanged	f5bcb8c6f9faac1ae3da6fee8318b9d0abcc12f7	006ebbd3808ce54c83386f14d2fe011c35dea75e82cf0ea40a86f5d541139376
resources/guides/specs/lang-EL.md	resources/guides/specs/lang-EL.md	unchanged	5aa98452868ea2b8ef4f66d5b5791c4abeef0b98	c3ffd16a3c1d07971dc4eb51cebd706894a70eb3bf91ba8de50c8a2a5d7a047b
resources/guides/specs/lang-bmm.md	resources/guides/specs/lang-bmm.md	unchanged	84986140b3b2de4238ed372efc14bb5dda970c05	8a9595551c7079127956462fae56863d5e3bb8bc2340b081fc4e6f487fe12025
resources/guides/specs/lang-bmm3.md	resources/guides/specs/lang-bmm3.md	unchanged	02aa070e39384fbc6936cc8e61ffdc3832e98b93	bc2b27a0374adfede8875c4498d9beb5980a46b3186ce6e45bd8e1e85f4560d6
resources/guides/specs/lang-bmm_persistence.md	resources/guides/specs/lang-bmm_persistence.md	unchanged	692892c64d1a5d41a7bcb543551436d88ea46727	49f7986d41b7e8d74cffc5dc492193f301082cb50a135113c8775cfc76af3e39
resources/guides/specs/lang-odin.md	resources/guides/specs/lang-odin.md	unchanged	91c06731f77b724133d75c789f2372c1f8e2adee	e545fc43e29b8a309eeb55268b5f3a9de2c4155e9fec01cc624db324083880b9
resources/guides/specs/proc-decision_language.md	resources/guides/specs/proc-decision_language.md	unchanged	c0261e0b6a37e5f0deff893bdc3470130dd654a0	b6627ea6a6a7e8e93c62cc4aaa20dd5dd26d066265d1516a432bf94ccb683673
resources/guides/specs/proc-overview.md	resources/guides/specs/proc-overview.md	unchanged	17f060d4c905c6cfd5111efc3b79bff779a08c11	89ab6121c3daadd9bf61deb51f052d7c9be6f68d0c171242e4c6091f14830ef7
resources/guides/specs/proc-task_planning.md	resources/guides/specs/proc-task_planning.md	unchanged	770c7e763766e1a7a938c5e2f3cffb8fa5330ce4	5817947dedd20a1f8ac9002a1b040c97ded7bfb1fc95e8a851f049e8ff55569b
resources/guides/specs/query-AQL.md	resources/guides/specs/query-AQL.md	unchanged	66428fe264d9e17d1a7cd38ef54067fd57576932	30771197b5d71d7dd17a536b0aaaf60eecf8b7463316fac5a87c7778c59204ba
resources/guides/specs/rm-common.md	resources/guides/specs/rm-common.md	unchanged	0d05dce8be446002f51ca5a5141cbdfc06877236	aa2fffa41d72f609d7d44772a62ddfd5f5e408aaf95bcd52c7fe27b95dc8cf1e
resources/guides/specs/rm-data_structures.md	resources/guides/specs/rm-data_structures.md	unchanged	ee95afb2ec294a95fe468983c1cc63a079c0dd9c	694063c302df51579b733c73a4e9f6181de4c422deb8e0795c4a554077850d2c
resources/guides/specs/rm-data_types.md	resources/guides/specs/rm-data_types.md	unchanged	c45c22e3e400d1904ab8f557c893b6fa5ee9defa	802720cc827b0be49bc8404d6dd255f960a4a4683f9a9142f99d0e1bb3e80b88
resources/guides/specs/rm-demographic.md	resources/guides/specs/rm-demographic.md	unchanged	05508845a14f08c10fe17d933d5031bb4d7323d6	086a083c3b18f4bc5cfd95357c4b01e1f6878c1ed650803de86653a16d8f6b8b
resources/guides/specs/rm-ehr.md	resources/guides/specs/rm-ehr.md	unchanged	bcc63479e401cf8f87dcc15594a8c0097f7168bc	9daa7305d0e9792907b90487f424e7096a19b0241b071d251efffc4a72e3d2cb
resources/guides/specs/rm-ehr_extract.md	resources/guides/specs/rm-ehr_extract.md	unchanged	84cd9db23e422ca8acb768bdea0edbdd0aa00e0f	d2ece4d618c0f274bac934a726301b7fc269cefc5c7f460d7839c64d923e79be
resources/guides/specs/rm-integration.md	resources/guides/specs/rm-integration.md	unchanged	1c6f2efe70e84a2dab82a7fb7c340a6d9cd627a5	a22c18304364d1c41e250ea7fcb8d987ebfa94d7b2159b30025d60b317afabf4
resources/guides/specs/rm-support.md	resources/guides/specs/rm-support.md	unchanged	cb749d433cfd9b016ba49359a3490e53a09faf3e	ea7897285206fd764323fb505df4cb7d969fb5ba7bf2d65f64f2850117f74594
resources/guides/specs/sm-openehr_platform.md	resources/guides/specs/sm-openehr_platform.md	unchanged	5a0b2586a30f5fb456d02e5ff366241d5ff5f116	dbed17cb552cc53cfbe7c013d5d7861b0b0258e56ac97c0e6d9bb0890eb1d39d
resources/guides/specs/term-SupportTerminology.md	resources/guides/specs/term-SupportTerminology.md	unchanged	a7f7cbd5052d719bf11f82438d5836f6134a8f95	62901550a9891391cc8d9e8b3bd3ceeab092b52c3c51be0873f30109019ae1fb
resources/guides/templates/cgem-framework.md	resources/guides/templates/cgem-framework.md	unchanged	77878f64785e6f861bd12229bf4b4d845cd2e571	afaf0cce952d7b8a4fe19f9bcb7a7ec702a03093d13306143028a9efc9a01e4c
resources/guides/templates/checklist.md	resources/guides/templates/checklist.md	unchanged	8b7efe60e3c488a2aa6847ee3df1571dfade91a6	7433f20ef2c216dd300f20b067754788c85092c51fd4b4f4c641233835471a06
resources/guides/templates/oet-idioms-cheatsheet.md	resources/guides/templates/oet-idioms-cheatsheet.md	unchanged	797fdd9a9a3c3b7b89278d2f8662dc8738ba0269	6f40e36abd2631ec6bd9b21c6405c77c7dac57af146ac45b32b3d56866d176dd
resources/guides/templates/oet-syntax.md	resources/guides/templates/oet-syntax.md	unchanged	abeab0bfc4fcbd6b724d3417977edc976c417036	0500b953b9f4e9ae675e77d96f0c2c2b8fbd4ea0b16a6c457e0e35c4c1ad62c7
resources/guides/templates/opt-structure.md	resources/guides/templates/opt-structure.md	unchanged	bd5034050e57ab1012e00f48b71bfe7f0a93f6f9	69f3433714cbc97a1380431608aa26c63025b9d2f04ebb43de8882b4716ea040
resources/guides/templates/principles.md	resources/guides/templates/principles.md	unchanged	1738fc539c4ea63c2d0397b0ab1e88d6ccfb67e5	8aa74e516ecbe853c801ac960fc0d632cc6827923c0cbd40dd07696db3173d33
resources/guides/templates/rules.md	resources/guides/templates/rules.md	unchanged	a7e487545b7f93af2767bc645268f8b149d62547	7caea82ea1c5949803faa56fa29e1204d5455e7c7f5872d32755d9dc01ca0ed2
resources/guides/templates/serialization-formats.md	resources/guides/templates/serialization-formats.md	unchanged	00abcf412824d10fab2da7d46986a9a5065cd7a0	bdc47f4ed9452b27c26a4630f19af235ee2fa3def9420e05cf5dd7b606e13b56
resources/guides/templates/web-template.md	resources/guides/templates/web-template.md	unchanged	8fd41ef3a7d6aa443b4e836ecd75e6bb9c03481c	188d6b7d89b645b247cfa1d645a6c99147659326c5de5be41172831751e0dadc
resources/prompts/ckm_explorer.md	resources/prompts/ckm_explorer.md	unchanged	4fb2be35e4a8de3803b4c6c803f1a6a08a9f1db5	5c5708934f89cf0645979bb4159c55df6708dc1c366fe61042fab6e3c73f8617
resources/prompts/design_or_review_aql.md	resources/prompts/design_or_review_aql.md	unchanged	1e1a527c8e3053f76ef0849d214dac6c6203c445	71c8c7bd291e8d10784eee0763c0ddb29b2207e85371177c2cbb6f51b322d030
resources/prompts/design_or_review_archetype.md	resources/prompts/design_or_review_archetype.md	unchanged	136b44b785cf0b4e801c4887ecd9f055e7efe620	cf79ed975d05841c1374bd6d11aec0bf53d200deff5445d66eaf5bca69d913fb
resources/prompts/design_or_review_simplified_format.md	resources/prompts/design_or_review_simplified_format.md	unchanged	09c9c43a8a29281b6fde501155f1a538302d43b8	37068edb805bdbccc84131a8c68970e828fdd890938fff7aeae952d7008b2aa9
resources/prompts/design_or_review_template.md	resources/prompts/design_or_review_template.md	unchanged	cf8c5e0d6d617b7d82d289e00716027d8adc15d5	1efe872bf956422a17cadcdab8a5d5b579c92ed42418a1c3c76c2bad41925d5d
resources/prompts/explain_aql.md	resources/prompts/explain_aql.md	unchanged	b7673366859dea12bcefe782b7e70c2e34e9631f	2c667bd1fa3f1519a4186a111e240edcad9fa2155b25a651ba73860feb3d745d
resources/prompts/explain_archetype.md	resources/prompts/explain_archetype.md	unchanged	a891ca52c4fcb4a26709e5a95b1001f07c2c4b58	0c929eaa80e3fa332a96c8987ca6cba9cdef3073338247904622cf7ec1666b39
resources/prompts/explain_simplified_format.md	resources/prompts/explain_simplified_format.md	unchanged	4836ab21c0e2a41fcce0526a1479ddc4a3e439ab	3f37cde54ff83aea418bba03143d2f1351b887490519868ff05d1c9206c37ff2
resources/prompts/explain_template.md	resources/prompts/explain_template.md	unchanged	8f06838a63abc606accccc102548c6f1794392bc	78efe43dca4f06ca1d262a3df7cc34e95fe40fb80b7ccba40bd4e67d1da80da3
resources/prompts/fix_adl_syntax.md	resources/prompts/fix_adl_syntax.md	unchanged	7869a45c27a40d0ee4b98ff0770092848753e4ac	77991d1a23e069df4597d2fafea4123403c5610576b67baea5df1457c48b74f6
resources/prompts/guide_explorer.md	resources/prompts/guide_explorer.md	unchanged	29cb8a02798fbba5810f457549c4a4be7cd57276	769d3f4ee777b70ab56c30eeb00a1c51a1df8e22ed895b0dfb60f64737e1f06d
resources/prompts/shared/policy.md	resources/prompts/shared/policy.md	unchanged	2fb274de3d6afe720395843f2d6d58d2ecc0b522	0ade49d08e9ac6d9d4fca0d8f3aaeb2b30a85c9fd6e315a356617cf4c11c254f
resources/prompts/terminology_explorer.md	resources/prompts/terminology_explorer.md	unchanged	285b980bc7d3fb4ddc97b2bf1ac1f0d66d59c178	056ebf0251df91df0971f34491c4de0b4aaae16a67aa49537f53d33e2a980131
resources/prompts/translate_archetype_language.md	resources/prompts/translate_archetype_language.md	unchanged	0d79d24779ee1cc533fc6946e7fa2037ad681fb1	af005704c1fa4ea0df0b570fbf718d280a44105ea2f106d7d15e7a2865faefb3
resources/prompts/type_specification_explorer.md	resources/prompts/type_specification_explorer.md	unchanged	8ed8f676f23e602f4ecd49218f59079356538ac7	d969f6477c2cf8fc426a6fc3357376f4b8070f18171f542fd703866037e76600
resources/server-instructions.md	resources/server-instructions.md	modified-or-mixed	5ede4edbb3b6037438e6309e64bb40d88354f63d	2857168037ef1a92404cb0804c46fb200e86cb8a3f8053f9665c287dfeaae079
resources/terminology/openehr_terminology.xml	resources/terminology/openehr_terminology.xml	unchanged	335f38c3839721909e81041f331b03dd2d64edba	773d5245bab918a3a836decb2b42c15403e23cc7017f8a8dd06f38ba2b468776
scripts/spec-check.php	scripts/spec-check.php	modified-or-mixed	ed8494dcb12c24ce2f61f481ae2a5cd5437896ed	128801fea4336b1acc9a9ba50b1a1633cb2e091fdc4ff07be62a0ca2af961167
src/Apis/CkmClient.php	src/Apis/CkmClient.php	modified-or-mixed	2840b833c71ff017b73c77d0f54253d920279c23	7803851fba16ce38fa24d320716db0fc55de97e33527225e444f7a76ae3d73b8
src/CompletionProviders/Examples.php	src/CompletionProviders/Examples.php	modified-or-mixed	a4d9fb9449e5658b53945900c1c7ec4a0b0d468c	c2d0a0df0dbfbeb70bee208dc10aaeacb0d13ca18ab6369efac4557948d18d00
src/CompletionProviders/Guides.php	src/CompletionProviders/Guides.php	modified-or-mixed	88a1f49f687560f72eb5d0eaf28cb6acad8af130	d00a242ccbff27506b4b7feaadc3b3c34946be2cc4f039f74be8d6e266a577d6
src/CompletionProviders/SpecificationComponents.php	src/CompletionProviders/SpecificationComponents.php	modified-or-mixed	a311667d6f2611bf1f8801ace641a66c9871b5ce	d89a7f6ac5444c6f5bd627251aa6ecb30999dc6840b56e6ecb682dc04b1a7e28
src/Helpers/CliOptions.php	src/Helpers/CliOptions.php	modified-or-mixed	71f9dc7d83d4ed132a31b85765c88ed1db4c55ad	47d0a3c70f6d8534f1a99fadc5dedbfbe18529ceadfac0186ddce28a30d0a7f5
src/Helpers/Map.php	src/Helpers/Map.php	modified-or-mixed	ae710de1786aceba9c3cf7e018eaa752ebc79a56	5f5dfc098a9b89232e065a9e6f17323cbdd427fa815709d193e89e08a4635c90
src/Helpers/SearchTokenizer.php	src/Helpers/SearchTokenizer.php	modified-or-mixed	69960416c79a46d4efd020a3cdc3be7d5de7b005	35bfdaf197627d7436ca99e681999eaf600979e1f4d4326551678ab97859cf36
src/Helpers/TerminologyXmlLoader.php	src/Helpers/TerminologyXmlLoader.php	modified-or-mixed	c62c8c7c732c8af19dd4cb33d5ccebffcc682f3c	a772459ee19244ff01db0aba77161ef39d422e1fd3c1b962c77d666e14d1eb02
src/Prompts/AbstractPrompt.php	src/Prompts/AbstractPrompt.php	modified-or-mixed	7b383cec528119d158748c05268e472353716aad	1ba960e74a8c05fefed220446eabd3a36c3c6ed539622d3191473815a4fce845
src/Prompts/CkmExplorer.php	src/Prompts/CkmExplorer.php	modified-or-mixed	d407b07cbf979a64dbc9aa191ab7f324bffb6362	9168df3a1e40aab8d7a04424d76395459bfe3c7d4548167c7b0179bfc4590ea7
src/Prompts/DesignOrReviewAql.php	src/Prompts/DesignOrReviewAql.php	modified-or-mixed	c1936ad8c5e1912b9cb70babba768b6514e46aa6	ac9e1653d6c3dfa3e7fca1824183d287b93b14d3d1b6d27bdf458303b3f41eee
src/Prompts/DesignOrReviewArchetype.php	src/Prompts/DesignOrReviewArchetype.php	modified-or-mixed	674483df2e82ff435ba470521f2467a42815094d	83875319d51fb92ba2864156f4271400e2e1e2da1ddf9730ccf4807538fb0821
src/Prompts/DesignOrReviewSimplifiedFormat.php	src/Prompts/DesignOrReviewSimplifiedFormat.php	modified-or-mixed	838bf633f9a1b9a5cb90de1939ed4e86fb03fb01	98771b84ea9a69d8551a740f174d4793804605360821815389ee6f1193bf9d52
src/Prompts/DesignOrReviewTemplate.php	src/Prompts/DesignOrReviewTemplate.php	modified-or-mixed	781820fca861784a9875528cde64a6436fe90ebe	ba0c138a92dcf0ca43fb868d38dbdd56cbc0f11f02fdaf81c0cf7056951cdc84
src/Prompts/ExplainAql.php	src/Prompts/ExplainAql.php	modified-or-mixed	442aa60212898125df42d8e53548fd5d05ddfd2e	ef97e245ede3bc99f057a055d3078af4e652234b0beb5f861a1431de8ea7f4de
src/Prompts/ExplainArchetype.php	src/Prompts/ExplainArchetype.php	modified-or-mixed	782a47f601a159019676ed808f6c8c0054ea8981	99534531328855cc6b4433d0173b8826f1b26212db39f9b1c5be32fd80a3ffe8
src/Prompts/ExplainSimplifiedFormat.php	src/Prompts/ExplainSimplifiedFormat.php	modified-or-mixed	75dda003bb76edcd7de96ad40c934a55619d90fe	4191eb2443952bac43e6d548d312e118787ca9f2ba07da89b9df6bba5b0cd2f5
src/Prompts/ExplainTemplate.php	src/Prompts/ExplainTemplate.php	modified-or-mixed	dbcbc497d11867b613a86f79e2cedbaba907564a	ca645fe412a9c6c2416eb4c32a465fdf571e24a674b57d74ffa4129b4a03c892
src/Prompts/FixAdlSyntax.php	src/Prompts/FixAdlSyntax.php	modified-or-mixed	93865483aa4c52ccb3630b27c1d36f646ba9b6ba	19166630c51cb5788a351f0ea61cc6f63ea445a8fc27fed1be5a94ab1418a4d1
src/Prompts/GuideExplorer.php	src/Prompts/GuideExplorer.php	modified-or-mixed	324c56a917c84883f9fcf837cd960cc0e68b75fd	6cdc59201bb52cf06521a73e5cac7fa617a292387ddd5c30d1c7e8a6c61b8635
src/Prompts/TerminologyExplorer.php	src/Prompts/TerminologyExplorer.php	modified-or-mixed	6b19d57597c82ac3570fed253224d786ca4e455d	9740d6a70a38e8c7d55f3d2ef26a666a6fc1f501298598e346fbb90099c82640
src/Prompts/TranslateArchetypeLanguage.php	src/Prompts/TranslateArchetypeLanguage.php	modified-or-mixed	bfc8e1fc558bc76b61b145b01697b25a71416dfb	b70935e1be13cfc4a9e4b19fd15dbef955b12fe7c74de1c8305e1e1415a5d8da
src/Prompts/TypeSpecificationExplorer.php	src/Prompts/TypeSpecificationExplorer.php	modified-or-mixed	4fa88aa9fe72598ed5c0b0710763b81bef539556	0f0df310b322c70a8df0840aa82a6fafab1e6a3fc25b53bc4f045003fa9964a0
src/Resources/Examples.php	src/Resources/Examples.php	modified-or-mixed	a0630a4651284e8134fb3eb3244c2c9ee1c1e26f	00e8bee56e006dffcdd30871e88c72e700779d41633611dc39e0e0db9abbc0b5
src/Resources/Guides.php	src/Resources/Guides.php	modified-or-mixed	25c47ddc81961780bb25e4a9be25e8fb4d7b8104	21dee3c0170abd2f48873b3a53d3829cc0e111b9deeba7c8b22450a0ac759bd0
src/Resources/Terminologies.php	src/Resources/Terminologies.php	modified-or-mixed	bbc8a971bb6d17b579103b7ba0952f423fc70ab7	66c988663daafec50a6bb51560f84ee366ef17821124b60210a9476ccaa172fe
src/Resources/TypeSpecifications.php	src/Resources/TypeSpecifications.php	modified-or-mixed	9c7da29cab41c814c9a50c959a57530bd17ee76b	df519c8985213cf37601706cdf21709bc29e07e557ba46e09f5ad70faea78e1c
src/Sdd/SpecCheck.php	src/Sdd/SpecCheck.php	modified-or-mixed	c6666bbafe2bc3f3648bbc3ecd103ff3cced3565	789d0c3acbcb38175ba4332a8263a0894d6b70a314a525632cb6e9891f2e777b
src/Tools/CkmService.php	src/Tools/CkmService.php	modified-or-mixed	6c14074045bddf9f2b5d7cdc4dc18260b526ddd0	992750cdf4b7050b2974848297d4fbbe135d0500f619e886a9041ce6332d5137
src/Tools/ExamplesService.php	src/Tools/ExamplesService.php	modified-or-mixed	44e049a15fa4ea120044570c8d580bd4b3dd4282	83b44ac45891662d407d6db468b77e927bef04ab2581c99332b313b8613efe9d
src/Tools/GuideService.php	src/Tools/GuideService.php	modified-or-mixed	7d74bf05b8f3c1e47d3ad1655513a2b39fbfa064	38e881ef372e4b41ffa434a4dabdd0cf227f7ae2b004e4fb38db404b1d641155
src/Tools/TerminologyService.php	src/Tools/TerminologyService.php	modified-or-mixed	a120ec1b05840c31ab28823e69d93e538e6d3b2d	256d229dc43b0ef8f60e40cf7b42365b0bb4e773cde1a60d96ec2a7d8ca41514
src/Tools/TypeSpecificationService.php	src/Tools/TypeSpecificationService.php	modified-or-mixed	42fba9101e3d4de857886e80e6a79e793d8e71e6	9bd26427e7e892bde1416dd4085710cd975ffa6cb0904a83d78a55bfdd2e0e86
src/constants.php	src/constants.php	modified-or-mixed	62c5db90c9c2e5cb4aed8067f73f4cd0c1225bf5	ea1037f674fe69b24006777e5a861be8b61fd82b0e313df52ad3d4b86452ff11
src/templates/README.md	src/templates/README.md	unchanged	3cfcfe222c1fdfccb03e7d8654b7fafbf2ba68af	e309c807c61b57dcba0c8e67a4318199dc408071f990a33d4c8b3f247ca09e0d
src/templates/spec-digest-template.md	src/templates/spec-digest-template.md	unchanged	bb72ee3068b56bd9cc0256fdf28563d1c63092e7	159e36ed34654e05cab77228727b460083df6149e69bede8e6f025541e7a65c0
tests/Clients/CkmClientTest.php	tests/Clients/CkmClientTest.php	modified-or-mixed	355aaa94496a85431fdf4760243dc482d29a21e4	0a06074c3f27a28b3a7d59141ba2f029f1da1f15c82b866fa5fdcf23e2b62d24
tests/CompletionProviders/GuidesTest.php	tests/CompletionProviders/GuidesTest.php	modified-or-mixed	83765bdefc18328161a8cdf6e50d36f6b62ca7cd	bc62d23d1916cab71dd75ea4e2e8dbde68eb6e8209b55d0854d3c5f16c6b3e27
tests/CompletionProviders/SpecificationComponentsTest.php	tests/CompletionProviders/SpecificationComponentsTest.php	modified-or-mixed	70baadd7c3046aed98b6a58c06ef0de96c0e2fae	ffb64a597de40bbeec0c4b212f214a63a32dab62d0202801a833f7cf23cddd18
tests/Content/DiscoveryCacheNamespaceTest.php	tests/Content/DiscoveryCacheNamespaceTest.php	modified-or-mixed	d9ff85ecf43beaef9990f5042d8ee30257337ef8	3c303cbcfd892167d4bf95cc2da7f856ec2d95469181f6e8983a69bd0005f6d0
tests/Content/InstallDocContractTest.php	tests/Content/InstallDocContractTest.php	modified-or-mixed	bfc33605762ac9a1849988799ecaee5965801d3f	1b888b86937d02834f9d8610bff623fb1e656805436610a715c70240decee840
tests/Content/SpecLookupAndReadmeClaimsTest.php	tests/Content/SpecLookupAndReadmeClaimsTest.php	modified-or-mixed	62dfa38545c4cf59c58675dc986eaa132da44e53	cd72d2fca978fc70d9d41ab776da8786f91c511cc4debcdc9f2920dcc0f3cec0
tests/Helpers/MapArchetypeFormatTest.php	tests/Helpers/MapArchetypeFormatTest.php	modified-or-mixed	48764548ff5db2745e69c8d76d6fa7679b10d48d	9ae8001f6e3e6555e4eaef8e5bcd998a86117f0032dd5c52f460a1cc239b3d2f
tests/Helpers/MapTest.php	tests/Helpers/MapTest.php	modified-or-mixed	694de56401ff4ce28a9aaf8265ebcddc6ee27e55	8058e84985e79ccc692850645481141c852731c83c531ec1625cca7d7546ae21
tests/Helpers/OutputSchemaValidator.php	tests/Helpers/OutputSchemaValidator.php	modified-or-mixed	addde6d27241f632a186df497ff3be9f0024fa9e	bc401c7545f6adc5a1ed2f363f4fd4f060de41a55eb58a9daee71ee0a0c6241a
tests/Helpers/OutputSchemaValidatorTest.php	tests/Helpers/OutputSchemaValidatorTest.php	modified-or-mixed	2e159c6b9e4f4421c5e742787e4c6edeeb5f8a51	3fa11dbe23dce14bf599eb309324965462e8cd3f8e4eee862e085aa4b4acc8da
tests/Prompts/AbstractPromptTest.php	tests/Prompts/AbstractPromptTest.php	modified-or-mixed	d25da2674e22f81c67cbf4536735a60b6fcbdf19	7eebd411a73251f6f3c5deee04a69f8620a6d4f1d9adde27fcb03022dbe9fec7
tests/Prompts/CkmExplorerTest.php	tests/Prompts/CkmExplorerTest.php	modified-or-mixed	16a8cf3e75bf7b8140d2527572f115916278c74b	fdc114205b7cea379d3f3b5ac181746f852294bd011c8934aeeceeab339ebdf0
tests/Prompts/DesignOrReviewAqlTest.php	tests/Prompts/DesignOrReviewAqlTest.php	modified-or-mixed	e2a8811d7d639629e9a3d8092161234b4de5d981	437a4e7d36a50ddb02e49a3b2afcc30757cae3d6ec15f675cabd7b1bad8ac003
tests/Prompts/DesignOrReviewArchetypeTest.php	tests/Prompts/DesignOrReviewArchetypeTest.php	modified-or-mixed	c2ef176b8671a6e4473d1846074eece19d8321d7	5e91caf58a86a2fa1053779453fe498d21edc25aeb72d8d3016786ca3f2b614d
tests/Prompts/DesignOrReviewSimplifiedFormatTest.php	tests/Prompts/DesignOrReviewSimplifiedFormatTest.php	modified-or-mixed	c40292231b8bde925e1c44de9d8b8b69110c990b	d69517cc2acd42ded452b64112142f03384546614a441e4fbde5a0e777204e1a
tests/Prompts/DesignOrReviewTemplateTest.php	tests/Prompts/DesignOrReviewTemplateTest.php	modified-or-mixed	83f3f8e06fa9580feff076aca952030214992e17	22620f8c881359c71725dc5eaaf58c1edb6db52faace08eb99d8597aacc63d0f
tests/Prompts/ExplainAqlTest.php	tests/Prompts/ExplainAqlTest.php	modified-or-mixed	619dd44b73bb1b1358e1495f0cb3aa35b990ac90	7809273f1a5d0dc0b3302679b541e247e1d3059d36b0f55fad87f1f78379c5ce
tests/Prompts/ExplainArchetypeTest.php	tests/Prompts/ExplainArchetypeTest.php	modified-or-mixed	4d2008ef03e9412a759d7d963bf946f24c05fc5d	7b51d63dfa39a0c48a740cb5a3b9ca9ffafbc59e23b9b89656a73c2823db5b2e
tests/Prompts/ExplainSimplifiedFormatTest.php	tests/Prompts/ExplainSimplifiedFormatTest.php	modified-or-mixed	fc0815edf9a670e4ad5bade51fa58e4eafd4c5cb	a795833e27b7eacb3771a8fc51fd18d80fdc3facf951973fd7b582b9b63d2c77
tests/Prompts/ExplainTemplateTest.php	tests/Prompts/ExplainTemplateTest.php	modified-or-mixed	aeda11e07dbd25f78128d34c7968d18a9e6942c9	822bf829e1cbb3ac73ddfd7e20b77560496b199023b4ee3b8e14908ff6347864
tests/Prompts/FixAdlSyntaxTest.php	tests/Prompts/FixAdlSyntaxTest.php	modified-or-mixed	7aa6d02f74e2baf3dcd2045f57e87548267506d6	463ecade2eb2790798424f48cdf72b552b551a999ace04e58b41efd5bf702d48
tests/Prompts/GuideExplorerTest.php	tests/Prompts/GuideExplorerTest.php	modified-or-mixed	b91bb6294516d4f1122fa1bf9559ecb39d341cb7	7de9f1771bf020aef82ed102a4852cc8bfee3ac4a261fb0330e41c62d87a5b9d
tests/Prompts/PromptArgumentSubstitutionTest.php	tests/Prompts/PromptArgumentSubstitutionTest.php	modified-or-mixed	9887ef9e40a0966e6348d361c896845f1d78872b	49bfaae203423297711abc287f67009071ee4b82c8da13f3982b1e969d0f4f4b
tests/Prompts/PromptCompositionTest.php	tests/Prompts/PromptCompositionTest.php	modified-or-mixed	8928840d00ebc6e928df0e80060f92fda39b4d2a	f75ff5551464cd724e4d70b1cb646a3a75479f4f9aba868acfec6838b9b98a03
tests/Prompts/PromptPolicySeparationTest.php	tests/Prompts/PromptPolicySeparationTest.php	modified-or-mixed	0f9502a65f5467aff2ed7d90f9a7b2f1cce96e11	c8ced3b70d0169d98f8a5d5a54d6052fdb1ab516a113bf1016761172f08b09c7
tests/Prompts/TerminologyExplorerTest.php	tests/Prompts/TerminologyExplorerTest.php	modified-or-mixed	fa8423ca8fc36269495d55e2dea69d472cff05eb	a245ca25fa51e2839dcf3f830750ae3f4cbbaacfe2e566fcad27f656d1c3824f
tests/Prompts/TranslateArchetypeLanguageTest.php	tests/Prompts/TranslateArchetypeLanguageTest.php	modified-or-mixed	0300ebbb3aef53dad958f00d7e330010b91be907	1e060fb533b7aa76d2371f0f2a8b940e76bd8f06e2cc1366c936560f2b63c06e
tests/Prompts/TypeSpecificationExplorerTest.php	tests/Prompts/TypeSpecificationExplorerTest.php	modified-or-mixed	8be1be8396f3fea4c2c59c8f3fd0ba2478895e0f	1ffc7506ecf49a574d32fb654282e94ffe4705fd74056d2a7bcce3a7df5fad0f
tests/Resources/ExamplesTest.php	tests/Resources/ExamplesTest.php	modified-or-mixed	b6ed5aa60bb335fc547b14951df562957965619f	2d6286eb9776882a92dba93f9de8fc841c25360dc0352fffe27b955a83ddce55
tests/Resources/GuidesTest.php	tests/Resources/GuidesTest.php	modified-or-mixed	ed1430ebf42e88751e1e5e55efadc25b5b6fa5f1	1e4295548eaf048f466e0a9364b89326126a4dbda346feab13c669918af20cd8
tests/Resources/SpecDigestsTest.php	tests/Resources/SpecDigestsTest.php	modified-or-mixed	cccb5e029a7bcc6ecb8ae02e9b0afe348ee2363e	9d86d6313d2b1388beedfde9fd90239c576b1c6fcefd3e6561cb5f17c3009ada
tests/Resources/TerminologiesTest.php	tests/Resources/TerminologiesTest.php	modified-or-mixed	fb1849fbeb2181a9045cc5df6620b407527c0957	9ead4bfb331a9740d6c4728dacb004114e73a0c70e178c0e01252d7a5ac1806f
tests/Resources/TypeSpecificationsTest.php	tests/Resources/TypeSpecificationsTest.php	modified-or-mixed	da38a012d7e7517c12118c84584ab34516920aa4	5d274bbac717ae4759bfcc7382a3c0c3062c9b7eda810b29113143281703c1bf
tests/Sdd/SpecCheckTest.php	tests/Sdd/SpecCheckTest.php	modified-or-mixed	e6f0a2d98db0ba4d5621209efa5e85af8821837f	f31320ed59b383fbae928e82aca8c459c94a7acd2fbb837562e8a4a8a6719a7a
tests/Tools/CkmServiceTest.php	tests/Tools/CkmServiceTest.php	modified-or-mixed	5be1af1c1e58bf04837598c72f342a123bc23344	ce4082d0b0a2518495978deece72b1531fc6e5f8ebe036a47d272f238c4f364c
tests/Tools/CkmServiceUpstreamShapeTest.php	tests/Tools/CkmServiceUpstreamShapeTest.php	modified-or-mixed	32d3b5f27821edb67000b62730bf3a0a8e7dc7b4	dc93d6d7508977e49268a9fddc5f1c0a4bb033e24b9542782b46beede7e486c2
tests/Tools/ExamplesServiceTest.php	tests/Tools/ExamplesServiceTest.php	modified-or-mixed	ee7b6ea25d545b86ced9ec46655684ea61408aec	4396ee29bf75f4cb5f04f54dc4572108d459b6d558420b47ed083ec917978ced
tests/Tools/GuideServiceTest.php	tests/Tools/GuideServiceTest.php	modified-or-mixed	fee8e35064398d8755b1f86436848cbb69b36f7e	f047c7ab17876791f3d6b62f70fd8dce5321e4bace3cb843343ecc896fa84358
tests/Tools/InputSchemaGuardTest.php	tests/Tools/InputSchemaGuardTest.php	modified-or-mixed	67a515465beb458dae5b5a4eb8aa1792c7fd27d5	d0d0fc5709c6f0d622fe2aa0a49ef52fd58d3f313c1bf9657c3b54e7e1a0e4e5
tests/Tools/InputSchemaValidationTest.php	tests/Tools/InputSchemaValidationTest.php	modified-or-mixed	5d32cb5a257286d02f63fc2ec77fb6d1fe181f2a	89b8d7a4d3382473bb8f2ac9961dc0ee0d8298261ad279067413581336908031
tests/Tools/OutputSchemaConformanceTest.php	tests/Tools/OutputSchemaConformanceTest.php	modified-or-mixed	5b6dcc13f478e5bf49769e9d8052a73dbc27bbf3	21ae660dcf9c26704f99dd6fd45222bf512496a262b1149f9c51d5afa7fd69dc
tests/Tools/SearchEnvelopeTotalTest.php	tests/Tools/SearchEnvelopeTotalTest.php	modified-or-mixed	f2f9986f31729f06248a54ec4a39d4cbf5860545	3b73d951c7637ad33ae9d43af071c5802a246c8d4ee06ce9141230d2fca60dfb
tests/Tools/TerminologyServiceTest.php	tests/Tools/TerminologyServiceTest.php	modified-or-mixed	2a444aab5b412fb3e81523dcdec910dfc71e0ffa	b13451063a41166ea12366cfc345c91239648addb0bc2b8195960f3c5231907b
tests/Tools/TypeSpecificationServiceTest.php	tests/Tools/TypeSpecificationServiceTest.php	modified-or-mixed	f24b892a3a22d1b8bfcec41904cbbab41920baf5	ee731ee6b394008461ea92a095ffe7479bc04ac23a453f311d7d9542a105d75e
tests/conformance-baseline.yml	tests/conformance-baseline.yml	modified-or-mixed	9f50b3daa29479e2eaf46fb81fd97b009b869d13	d212cdf99d518e66992d57ccfb1d54ce7f38a76c3e878e9bc5dac7bd5a1b6453
tests/fixtures/prompt_lengths_before_shared.json	tests/fixtures/prompt_lengths_before_shared.json	unchanged	12d5317ddde3a9a44754e7f3300ccfe0bf6c2f63	ede934f3f47c1bd4d10349b966b421426cd74819a71ad816223c0a6498d95f6f
tests/fixtures/sdd-broken/docs/.sdd.yaml	tests/fixtures/sdd-broken/docs/.sdd.yaml	unchanged	7620eb64de75b4d5cced388cdee3e2a8d1964c4a	fa577cddd8613e4ad8e0ef98b51416463c81f8c37c5219e49ee61e868b8844a1
tests/fixtures/sdd-broken/docs/requirements.md	tests/fixtures/sdd-broken/docs/requirements.md	unchanged	7d8b5363c4f56ddcb86300353d3ffe7cefecdfa7	186e032456d7a98da0f32fd215feb313ebe0e31708c5ac6798339d3281978a87
tests/fixtures/sdd-broken/docs/traceability.md	tests/fixtures/sdd-broken/docs/traceability.md	unchanged	beb3efe94ec8b03c5f8abce9b28c6581f2b8c59f	7f496c1b991d182a8ffe59da0df151000032c3c5b0fcefeee3ca81732a55deb7
tests/fixtures/sdd-broken/docs/traceability.yaml	tests/fixtures/sdd-broken/docs/traceability.yaml	unchanged	f1682fdb07289eccd1a8e2c9b17fb1707f84f97f	ad79c932993150f1dcbb95315a363347f69bd0e64985fa2f418a40c153925279
tests/phpstan-baseline.neon	tests/phpstan-baseline.neon	unchanged	d9e4093c65c797eaa2eeadaeb0cc1466bec89599	a474c6c0112a08586c23ca2deccd8fafeee4c7985f4a36f6ebd8fb8c982dc66d
tests/phpstan.neon	tests/phpstan.neon	unchanged	d31f511df678c5e0832a90b449e63429462653db	d5ee3bbbbd744a1f969040bd83cc275db0f2d873d374588b66fed8f3b41c4bcd
tests/phpunit.xml	tests/phpunit.xml	unchanged	76f35c93aadb863d672599d6079bc36a9b620fc6	d231e3efd993e4b9a6741e3466c1d0a34b38fb6a35cd94d675d7fa40b9823cc8
